id,kodedesa,Tahun,Provinsi,Kabupaten,Kecamatan,Desa,IKS,IKE,IKL,Skor_IDM_Saat_Ini,Status_IDM,Target_Status,Skor_IDM_Minimal,Penambahan_Yg_Dibutuhkan
1,3327142006,2000,JAWA TENGAH,PEMALANG,MOGA,PLAKARAN,0.6629,0.5667,0.6,0.6098,BERKEMBANG,MAJU,0.7073,0.0975
2,3327142006,2000,JAWA TENGAH,PEMALANG,MOGA,MANDIRAJA,0.6514,0.5333,0.6667,0.6171,BERKEMBANG,MAJU,0.7073,0.0902
3,3327142006,2000,JAWA TENGAH,PEMALANG,MOGA,WALANGSANGA,0.7029,0.55,0.6,0.6176,BERKEMBANG,MAJU,0.7073,0.0897
4,3327142006,2000,JAWA TENGAH,PEMALANG,MOGA,SIMA,0.72,0.6,0.6667,0.6622,BERKEMBANG,MAJU,0.7073,0.0451
5,3327142006,2000,JAWA TENGAH,PEMALANG,MOGA,MOGA,0.7429,0.7333,0.6667,0.7143,MAJU,MANDIRI,0.8156,0.1013
6,3327142006,2000,JAWA TENGAH,PEMALANG,MOGA,BANYUMUDAL,0.9714,1,0.6667,0.8794,MANDIRI,MANDIRI,0.8156,-0.0638
7,3327142006,2000,JAWA TENGAH,PEMALANG,MOGA,WANGKELANG,0.7029,0.5333,0.6667,0.6343,BERKEMBANG,MAJU,0.7073,0.073
8,3327142006,2000,JAWA TENGAH,PEMALANG,MOGA,KEBANGGAN,0.7143,0.5667,0.6667,0.6492,BERKEMBANG,MAJU,0.7073,0.0581
9,3327142006,2000,JAWA TENGAH,PEMALANG,MOGA,PEPEDAN,0.7314,0.4833,0.6667,0.6271,BERKEMBANG,MAJU,0.7073,0.0802
10,3327142006,2000,JAWA TENGAH,PEMALANG,MOGA,GENDOANG,0.7429,0.5,0.6667,0.6365,BERKEMBANG,MAJU,0.7073,0.0708
11,3327142006,2000,JAWA TENGAH,PEMALANG,PULOSARI,CLEKATAKAN,0.6686,0.6167,0.7333,0.6729,BERKEMBANG,MAJU,0.7073,0.0344
12,3327142006,2000,JAWA TENGAH,PEMALANG,PULOSARI,BATURSARI,0.7486,0.5833,0.7333,0.6884,BERKEMBANG,MAJU,0.7073,0.0189
13,3327142006,2000,JAWA TENGAH,PEMALANG,PULOSARI,PENAKIR,0.7486,0.5833,0.7333,0.6884,BERKEMBANG,MAJU,0.7073,0.0189
14,3327142006,2000,JAWA TENGAH,PEMALANG,PULOSARI,GUNUNGSARI,0.6971,0.6167,0.7333,0.6824,BERKEMBANG,MAJU,0.7073,0.0249
15,3327142006,2000,JAWA TENGAH,PEMALANG,PULOSARI,JURANGMANGU,0.72,0.6167,0.7333,0.69,BERKEMBANG,MAJU,0.7073,0.0173
16,3327142006,2000,JAWA TENGAH,PEMALANG,PULOSARI,GAMBUHAN,0.7371,0.6833,0.6667,0.6957,BERKEMBANG,MAJU,0.7073,0.0116
17,3327142006,2000,JAWA TENGAH,PEMALANG,PULOSARI,KARANGSARI,0.7943,0.8,0.7333,0.7759,MAJU,MANDIRI,0.8156,0.0397
18,3327142006,2000,JAWA TENGAH,PEMALANG,PULOSARI,NYALEMBENG,0.7314,0.6,0.6667,0.666,BERKEMBANG,MAJU,0.7073,0.0413
19,3327142006,2000,JAWA TENGAH,PEMALANG,PULOSARI,PULOSARI,0.88,0.8333,0.5333,0.7489,MAJU,MANDIRI,0.8156,0.0667
20,3327142006,2000,JAWA TENGAH,PEMALANG,PULOSARI,PAGENTERAN,0.7257,0.6333,0.7333,0.6975,BERKEMBANG,MAJU,0.7073,0.0098
21,3327142006,2000,JAWA TENGAH,PEMALANG,PULOSARI,SIREMENG,0.8,0.6667,0.6,0.6889,BERKEMBANG,MAJU,0.7073,0.0184
22,3327142006,2000,JAWA TENGAH,PEMALANG,PULOSARI,CIKENDUNG,0.7714,0.5667,0.6667,0.6683,BERKEMBANG,MAJU,0.7073,0.039
23,3327142006,2000,JAWA TENGAH,PEMALANG,BELIK,GOMBONG,0.7714,0.6,0.7333,0.7016,BERKEMBANG,MAJU,0.7073,0.0057
24,3327142006,2000,JAWA TENGAH,PEMALANG,BELIK,BELIK,0.8457,1,0.6667,0.8375,MANDIRI,MANDIRI,0.8156,-0.0219
25,3327142006,2000,JAWA TENGAH,PEMALANG,BELIK,GUNUNGTIGA,0.6857,0.5333,0.6667,0.6286,BERKEMBANG,MAJU,0.7073,0.0787
26,3327142006,2000,JAWA TENGAH,PEMALANG,BELIK,KUTA,0.8571,0.6667,0.6667,0.7302,MAJU,MANDIRI,0.8156,0.0854
27,3327142006,2000,JAWA TENGAH,PEMALANG,BELIK,BADAK,0.7429,0.55,0.6667,0.6532,BERKEMBANG,MAJU,0.7073,0.0541
28,3327142006,2000,JAWA TENGAH,PEMALANG,BELIK,GUNUNGJAYA,0.7429,0.65,0.6667,0.6865,BERKEMBANG,MAJU,0.7073,0.0208
29,3327142006,2000,JAWA TENGAH,PEMALANG,BELIK,SIMPUR,0.7486,0.6167,0.5333,0.6329,BERKEMBANG,MAJU,0.7073,0.0744
30,3327142006,2000,JAWA TENGAH,PEMALANG,BELIK,MENDELEM,0.7714,0.5833,0.6667,0.6738,BERKEMBANG,MAJU,0.7073,0.0335
31,3327142006,2000,JAWA TENGAH,PEMALANG,BELIK,BELUK,0.8286,0.6,0.6,0.6762,BERKEMBANG,MAJU,0.7073,0.0311
32,3327142006,2000,JAWA TENGAH,PEMALANG,BELIK,BULAKAN,0.8171,0.6167,0.5333,0.6557,BERKEMBANG,MAJU,0.7073,0.0516
33,3327142006,2000,JAWA TENGAH,PEMALANG,BELIK,SIKASUR,0.8229,0.7833,0.6667,0.7576,MAJU,MANDIRI,0.8156,0.058
34,3327142006,2000,JAWA TENGAH,PEMALANG,BELIK,KALISALEH,0.6971,0.5,0.6667,0.6213,BERKEMBANG,MAJU,0.7073,0.086
35,3327142006,2000,JAWA TENGAH,PEMALANG,WATUKUMPUL,TLAGASANA,0.68,0.6333,0.8,0.7044,BERKEMBANG,MAJU,0.7073,0.0029
36,3327142006,2000,JAWA TENGAH,PEMALANG,WATUKUMPUL,TUNDAGAN,0.6286,0.5833,0.8667,0.6929,BERKEMBANG,MAJU,0.7073,0.0144
37,3327142006,2000,JAWA TENGAH,PEMALANG,WATUKUMPUL,BONGAS,0.6743,0.5167,0.8667,0.6859,BERKEMBANG,MAJU,0.7073,0.0214
38,3327142006,2000,JAWA TENGAH,PEMALANG,WATUKUMPUL,CIKADU,0.8743,0.75,0.5333,0.7192,MAJU,MANDIRI,0.8156,0.0964
39,3327142006,2000,JAWA TENGAH,PEMALANG,WATUKUMPUL,CAWET,0.68,0.6833,0.5333,0.6322,BERKEMBANG,MAJU,0.7073,0.0751
40,3327142006,2000,JAWA TENGAH,PEMALANG,WATUKUMPUL,MEDAYU,0.6914,0.5333,0.6667,0.6305,BERKEMBANG,MAJU,0.7073,0.0768
41,3327142006,2000,JAWA TENGAH,PEMALANG,WATUKUMPUL,PAGELARAN,0.7771,0.5833,0.6,0.6535,BERKEMBANG,MAJU,0.7073,0.0538
42,3327142006,2000,JAWA TENGAH,PEMALANG,WATUKUMPUL,BODAS,0.6343,0.45,0.7333,0.6059,BERKEMBANG,MAJU,0.7073,0.1014
43,3327142006,2000,JAWA TENGAH,PEMALANG,WATUKUMPUL,JOJOGAN,0.7486,0.65,0.6,0.6662,BERKEMBANG,MAJU,0.7073,0.0411
44,3327142006,2000,JAWA TENGAH,PEMALANG,WATUKUMPUL,MAJALANGU,0.9143,0.7667,0.7333,0.8048,MAJU,MANDIRI,0.8156,0.0108
45,3327142006,2000,JAWA TENGAH,PEMALANG,WATUKUMPUL,TAMBI,0.8229,0.7167,0.5333,0.691,BERKEMBANG,MAJU,0.7073,0.0163
46,3327142006,2000,JAWA TENGAH,PEMALANG,WATUKUMPUL,WATUKUMPUL,0.8743,0.85,0.8667,0.8637,MANDIRI,MANDIRI,0.8156,-0.0481
47,3327142006,2000,JAWA TENGAH,PEMALANG,WATUKUMPUL,GAPURA,0.6743,0.5833,0.8,0.6859,BERKEMBANG,MAJU,0.7073,0.0214
48,3327142006,2000,JAWA TENGAH,PEMALANG,WATUKUMPUL,MAJAKERTA,0.7771,0.6667,0.7333,0.7257,MAJU,MANDIRI,0.8156,0.0899
49,3327142006,2000,JAWA TENGAH,PEMALANG,WATUKUMPUL,WISNU,0.8171,0.6833,0.7333,0.7446,MAJU,MANDIRI,0.8156,0.071
50,3327142006,2000,JAWA TENGAH,PEMALANG,BODEH,LONGKEYANG,0.6914,0.5833,0.8667,0.7138,MAJU,MANDIRI,0.8156,0.1018
51,3327142006,2000,JAWA TENGAH,PEMALANG,BODEH,JATINGARANG,0.8057,0.7667,0.7333,0.7686,MAJU,MANDIRI,0.8156,0.047
52,3327142006,2000,JAWA TENGAH,PEMALANG,BODEH,GUNUNGBATU,0.6571,0.5,0.8667,0.6746,BERKEMBANG,MAJU,0.7073,0.0327
53,3327142006,2000,JAWA TENGAH,PEMALANG,BODEH,PASIR,0.7429,0.4833,0.6667,0.631,BERKEMBANG,MAJU,0.7073,0.0763
54,3327142006,2000,JAWA TENGAH,PEMALANG,BODEH,KWASEN,0.6743,0.5333,0.7333,0.647,BERKEMBANG,MAJU,0.7073,0.0603
55,3327142006,2000,JAWA TENGAH,PEMALANG,BODEH,JATIROYOM,0.8571,0.75,0.3333,0.6468,BERKEMBANG,MAJU,0.7073,0.0605
56,3327142006,2000,JAWA TENGAH,PEMALANG,BODEH,PARUNGGALIH,0.5943,0.4833,0.8667,0.6481,BERKEMBANG,MAJU,0.7073,0.0592
57,3327142006,2000,JAWA TENGAH,PEMALANG,BODEH,PAYUNG,0.7429,0.5,0.6,0.6143,BERKEMBANG,MAJU,0.7073,0.093
58,3327142006,2000,JAWA TENGAH,PEMALANG,BODEH,CANGAK,0.8,0.5833,0.6,0.6611,BERKEMBANG,MAJU,0.7073,0.0462
59,3327142006,2000,JAWA TENGAH,PEMALANG,BODEH,KEBANDUNGAN,0.6686,0.6167,0.8,0.6951,BERKEMBANG,MAJU,0.7073,0.0122
60,3327142006,2000,JAWA TENGAH,PEMALANG,BODEH,KESESIREJO,0.6914,0.6333,0.6667,0.6638,BERKEMBANG,MAJU,0.7073,0.0435
61,3327142006,2000,JAWA TENGAH,PEMALANG,BODEH,BABAKAN,0.7657,0.6333,0.6667,0.6886,BERKEMBANG,MAJU,0.7073,0.0187
62,3327142006,2000,JAWA TENGAH,PEMALANG,BODEH,KARANGBRAI,0.72,0.5833,0.8,0.7011,BERKEMBANG,MAJU,0.7073,0.0062
63,3327142006,2000,JAWA TENGAH,PEMALANG,BODEH,JRAGANAN,0.7371,0.65,0.6667,0.6846,BERKEMBANG,MAJU,0.7073,0.0227
64,3327142006,2000,JAWA TENGAH,PEMALANG,BODEH,KEBANDARAN,0.7886,0.7667,0.7333,0.7629,MAJU,MANDIRI,0.8156,0.0527
65,3327142006,2000,JAWA TENGAH,PEMALANG,BODEH,BODEH,0.8171,0.6167,0.6667,0.7002,BERKEMBANG,MAJU,0.7073,0.0071
66,3327142006,2000,JAWA TENGAH,PEMALANG,BODEH,MUNCANG,0.7486,0.75,0.9333,0.8106,MAJU,MANDIRI,0.8156,0.005
67,3327142006,2000,JAWA TENGAH,PEMALANG,BODEH,KELANGDEPOK,0.88,0.6167,0.8667,0.7878,MAJU,MANDIRI,0.8156,0.0278
68,3327142006,2000,JAWA TENGAH,PEMALANG,BODEH,PENDOWO,0.7943,0.6667,0.6,0.687,BERKEMBANG,MAJU,0.7073,0.0203
69,3327142006,2000,JAWA TENGAH,PEMALANG,BANTARBOLANG,SUMURKIDANG,0.6686,0.5333,0.6,0.6006,BERKEMBANG,MAJU,0.7073,0.1067
70,3327142006,2000,JAWA TENGAH,PEMALANG,BANTARBOLANG,WANARATA,0.7086,0.6167,0.5333,0.6195,BERKEMBANG,MAJU,0.7073,0.0878
71,3327142006,2000,JAWA TENGAH,PEMALANG,BANTARBOLANG,PEDAGUNG,0.8057,0.5667,0.7333,0.7019,BERKEMBANG,MAJU,0.7073,0.0054
72,3327142006,2000,JAWA TENGAH,PEMALANG,BANTARBOLANG,SURU,0.7143,0.5333,0.6,0.6159,BERKEMBANG,MAJU,0.7073,0.0914
73,3327142006,2000,JAWA TENGAH,PEMALANG,BANTARBOLANG,BANJARSARI,0.7486,0.4167,0.6667,0.6106,BERKEMBANG,MAJU,0.7073,0.0967
74,3327142006,2000,JAWA TENGAH,PEMALANG,BANTARBOLANG,PEGIRINGAN,0.7314,0.8833,0.4667,0.6938,BERKEMBANG,MAJU,0.7073,0.0135
75,3327142006,2000,JAWA TENGAH,PEMALANG,BANTARBOLANG,KARANGANYAR,0.7886,0.5667,0.6667,0.674,BERKEMBANG,MAJU,0.7073,0.0333
76,3327142006,2000,JAWA TENGAH,PEMALANG,BANTARBOLANG,PURANA,0.7829,0.4167,0.8,0.6665,BERKEMBANG,MAJU,0.7073,0.0408
77,3327142006,2000,JAWA TENGAH,PEMALANG,BANTARBOLANG,PABUARAN,0.7714,0.5167,0.6,0.6294,BERKEMBANG,MAJU,0.7073,0.0779
78,3327142006,2000,JAWA TENGAH,PEMALANG,BANTARBOLANG,SARWODADI,0.7943,0.4667,0.6667,0.6425,BERKEMBANG,MAJU,0.7073,0.0648
79,3327142006,2000,JAWA TENGAH,PEMALANG,BANTARBOLANG,BANTARBOLANG,0.9543,0.7333,0.6667,0.7848,MAJU,MANDIRI,0.8156,0.0308
80,3327142006,2000,JAWA TENGAH,PEMALANG,BANTARBOLANG,SAMBENG,0.7257,0.6167,0.8667,0.7363,MAJU,MANDIRI,0.8156,0.0793
81,3327142006,2000,JAWA TENGAH,PEMALANG,BANTARBOLANG,GLANDANG,0.7486,0.5667,0.6,0.6384,BERKEMBANG,MAJU,0.7073,0.0689
82,3327142006,2000,JAWA TENGAH,PEMALANG,BANTARBOLANG,KUTA,0.8057,0.6667,0.6,0.6908,BERKEMBANG,MAJU,0.7073,0.0165
83,3327142006,2000,JAWA TENGAH,PEMALANG,BANTARBOLANG,KEBON GEDE,0.6743,0.3167,0.9333,0.6414,BERKEMBANG,MAJU,0.7073,0.0659
84,3327142006,2000,JAWA TENGAH,PEMALANG,BANTARBOLANG,PAGUYANGAN,0.6914,0.5833,0.6667,0.6471,BERKEMBANG,MAJU,0.7073,0.0602
85,3327142006,2000,JAWA TENGAH,PEMALANG,BANTARBOLANG,LENGGERONG,0.8343,0.5667,0.6,0.667,BERKEMBANG,MAJU,0.7073,0.0403
86,3327142006,2000,JAWA TENGAH,PEMALANG,RANDUDONGKAL,KECEPIT,0.7829,0.5667,0.6,0.6498,BERKEMBANG,MAJU,0.7073,0.0575
87,3327142006,2000,JAWA TENGAH,PEMALANG,RANDUDONGKAL,GEMBYANG,0.7886,0.6,0.6667,0.6851,BERKEMBANG,MAJU,0.7073,0.0222
88,3327142006,2000,JAWA TENGAH,PEMALANG,RANDUDONGKAL,MEJAGONG,0.7714,0.6167,0.6667,0.6849,BERKEMBANG,MAJU,0.7073,0.0224
89,3327142006,2000,JAWA TENGAH,PEMALANG,RANDUDONGKAL,PENUSUPAN,0.7429,0.5833,0.6667,0.6643,BERKEMBANG,MAJU,0.7073,0.043
90,3327142006,2000,JAWA TENGAH,PEMALANG,RANDUDONGKAL,BANJARANYAR,0.7543,0.7,0.6667,0.707,BERKEMBANG,MAJU,0.7073,3.00E-04
91,3327142006,2000,JAWA TENGAH,PEMALANG,RANDUDONGKAL,RANDUDONGKAL,0.9714,0.9833,0.5333,0.8294,MANDIRI,MANDIRI,0.8156,-0.0138
92,3327142006,2000,JAWA TENGAH,PEMALANG,RANDUDONGKAL,KARANGMONCOL,0.8914,0.65,0.6,0.7138,MAJU,MANDIRI,0.8156,0.1018
93,3327142006,2000,JAWA TENGAH,PEMALANG,RANDUDONGKAL,SEMINGKIR,0.9086,0.6167,0.8667,0.7973,MAJU,MANDIRI,0.8156,0.0183
94,3327142006,2000,JAWA TENGAH,PEMALANG,RANDUDONGKAL,SEMAYA,0.7714,0.5667,0.6,0.646,BERKEMBANG,MAJU,0.7073,0.0613
95,3327142006,2000,JAWA TENGAH,PEMALANG,RANDUDONGKAL,TANAHBAYA,0.7371,0.6167,0.6667,0.6735,BERKEMBANG,MAJU,0.7073,0.0338
96,3327142006,2000,JAWA TENGAH,PEMALANG,RANDUDONGKAL,LODAYA,0.8057,0.65,0.6,0.6852,BERKEMBANG,MAJU,0.7073,0.0221
97,3327142006,2000,JAWA TENGAH,PEMALANG,RANDUDONGKAL,REMBUL,0.7714,0.6833,0.6667,0.7071,BERKEMBANG,MAJU,0.7073,2.00E-04
98,3327142006,2000,JAWA TENGAH,PEMALANG,RANDUDONGKAL,KREYO,0.8971,0.65,0.6667,0.7379,MAJU,MANDIRI,0.8156,0.0777
99,3327142006,2000,JAWA TENGAH,PEMALANG,RANDUDONGKAL,KALIMAS,0.7829,0.8,0.6667,0.7498,MAJU,MANDIRI,0.8156,0.0658
100,3327142006,2000,JAWA TENGAH,PEMALANG,RANDUDONGKAL,MANGLI,0.8286,0.6,0.6667,0.6984,BERKEMBANG,MAJU,0.7073,0.0089
101,3327142006,2000,JAWA TENGAH,PEMALANG,RANDUDONGKAL,KALITORONG,0.8114,0.6,0.6667,0.6927,BERKEMBANG,MAJU,0.7073,0.0146
102,3327142006,2000,JAWA TENGAH,PEMALANG,RANDUDONGKAL,KEJENE,0.7257,0.6667,0.6667,0.6863,BERKEMBANG,MAJU,0.7073,0.021
103,3327142006,2000,JAWA TENGAH,PEMALANG,RANDUDONGKAL,GONGSENG,0.7829,0.5,0.8,0.6943,BERKEMBANG,MAJU,0.7073,0.013
104,3327142006,2000,JAWA TENGAH,PEMALANG,PEMALANG,BANJARMULYA,0.7314,0.55,0.6667,0.6494,BERKEMBANG,MAJU,0.7073,0.0579
105,3327142006,2000,JAWA TENGAH,PEMALANG,PEMALANG,SURAJAYA,0.6971,0.6,0.6667,0.6546,BERKEMBANG,MAJU,0.7073,0.0527
106,3327142006,2000,JAWA TENGAH,PEMALANG,PEMALANG,KRAMAT,0.7543,0.6167,0.6667,0.6792,BERKEMBANG,MAJU,0.7073,0.0281
107,3327142006,2000,JAWA TENGAH,PEMALANG,PEMALANG,PEGONGSORAN,0.8686,0.5333,0.6667,0.6895,BERKEMBANG,MAJU,0.7073,0.0178
108,3327142006,2000,JAWA TENGAH,PEMALANG,PEMALANG,SUNGAPAN,0.8114,0.5,0.6667,0.6594,BERKEMBANG,MAJU,0.7073,0.0479
109,3327142006,2000,JAWA TENGAH,PEMALANG,PEMALANG,SARADAN,0.6971,0.5833,0.6667,0.649,BERKEMBANG,MAJU,0.7073,0.0583
110,3327142006,2000,JAWA TENGAH,PEMALANG,PEMALANG,SEWAKA,0.7829,0.65,0.6667,0.6998,BERKEMBANG,MAJU,0.7073,0.0075
111,3327142006,2000,JAWA TENGAH,PEMALANG,PEMALANG,MENGORI,0.7543,0.6667,0.6,0.6737,BERKEMBANG,MAJU,0.7073,0.0336
112,3327142006,2000,JAWA TENGAH,PEMALANG,PEMALANG,WANAMULYA,0.7714,0.5,0.6667,0.646,BERKEMBANG,MAJU,0.7073,0.0613
113,3327142006,2000,JAWA TENGAH,PEMALANG,PEMALANG,BOJONGNANGKA,0.7486,0.4667,0.6667,0.6273,BERKEMBANG,MAJU,0.7073,0.08
114,3327142006,2000,JAWA TENGAH,PEMALANG,PEMALANG,TAMBAKREJO,0.7714,0.55,0.6,0.6405,BERKEMBANG,MAJU,0.7073,0.0668
115,3327142006,2000,JAWA TENGAH,PEMALANG,PEMALANG,LAWANGREJO,0.7657,0.6167,0.6,0.6608,BERKEMBANG,MAJU,0.7073,0.0465
116,3327142006,2000,JAWA TENGAH,PEMALANG,PEMALANG,DANASARI,0.7143,0.6167,0.6667,0.6659,BERKEMBANG,MAJU,0.7073,0.0414
117,3327142006,2000,JAWA TENGAH,PEMALANG,TAMAN,PENGGARIT,0.8629,0.75,0.6,0.7376,MAJU,MANDIRI,0.8156,0.078
118,3327142006,2000,JAWA TENGAH,PEMALANG,TAMAN,PENER,0.7657,0.5833,0.6667,0.6719,BERKEMBANG,MAJU,0.7073,0.0354
119,3327142006,2000,JAWA TENGAH,PEMALANG,TAMAN,JRAKAH,0.7371,0.5667,0.6667,0.6568,BERKEMBANG,MAJU,0.7073,0.0505
120,3327142006,2000,JAWA TENGAH,PEMALANG,TAMAN,GONDANG,0.7943,0.6667,0.6667,0.7092,MAJU,MANDIRI,0.8156,0.1064
121,3327142006,2000,JAWA TENGAH,PEMALANG,TAMAN,SOKAWANGI,0.8971,0.6333,0.6667,0.7324,MAJU,MANDIRI,0.8156,0.0832
122,3327142006,2000,JAWA TENGAH,PEMALANG,TAMAN,KEJAMBON,0.84,0.6667,0.6667,0.7244,MAJU,MANDIRI,0.8156,0.0912
123,3327142006,2000,JAWA TENGAH,PEMALANG,TAMAN,JEBED UTARA,0.8743,0.6833,0.6667,0.7414,MAJU,MANDIRI,0.8156,0.0742
124,3327142006,2000,JAWA TENGAH,PEMALANG,TAMAN,CIBELOK,0.8057,0.6667,0.6667,0.713,MAJU,MANDIRI,0.8156,0.1026
125,3327142006,2000,JAWA TENGAH,PEMALANG,TAMAN,BANJARDAWA,0.8,0.85,0.6667,0.7722,MAJU,MANDIRI,0.8156,0.0434
126,3327142006,2000,JAWA TENGAH,PEMALANG,TAMAN,BANJARAN,0.8286,0.5833,0.9333,0.7817,MAJU,MANDIRI,0.8156,0.0339
127,3327142006,2000,JAWA TENGAH,PEMALANG,TAMAN,SITEMU,0.7657,0.5333,0.6667,0.6552,BERKEMBANG,MAJU,0.7073,0.0521
128,3327142006,2000,JAWA TENGAH,PEMALANG,TAMAN,PEDURUNGAN,0.9143,0.5833,0.8667,0.7881,MAJU,MANDIRI,0.8156,0.0275
129,3327142006,2000,JAWA TENGAH,PEMALANG,TAMAN,TAMAN,0.8571,0.7667,0.6667,0.7635,MAJU,MANDIRI,0.8156,0.0521
130,3327142006,2000,JAWA TENGAH,PEMALANG,TAMAN,KALIGELANG,0.8,0.6667,0.6667,0.7111,MAJU,MANDIRI,0.8156,0.1045
131,3327142006,2000,JAWA TENGAH,PEMALANG,TAMAN,KABUNAN,0.76,0.7167,0.9333,0.8033,MAJU,MANDIRI,0.8156,0.0123
132,3327142006,2000,JAWA TENGAH,PEMALANG,TAMAN,ASEMDOYONG,0.8229,0.7,0.4667,0.6632,BERKEMBANG,MAJU,0.7073,0.0441
133,3327142006,2000,JAWA TENGAH,PEMALANG,TAMAN,KEDUNGBANJAR,0.7943,0.55,0.6667,0.6703,BERKEMBANG,MAJU,0.7073,0.037
134,3327142006,2000,JAWA TENGAH,PEMALANG,TAMAN,WANAREJAN UTARA,0.8686,0.75,0.8,0.8062,MAJU,MANDIRI,0.8156,0.0094
135,3327142006,2000,JAWA TENGAH,PEMALANG,TAMAN,JEBED SELATAN,0.8,0.7,0.6667,0.7222,MAJU,MANDIRI,0.8156,0.0934
136,3327142006,2000,JAWA TENGAH,PEMALANG,PETARUKAN,KENDALSARI,0.8171,0.6333,0.6667,0.7057,BERKEMBANG,MAJU,0.7073,0.0016
137,3327142006,2000,JAWA TENGAH,PEMALANG,PETARUKAN,WIDODAREN,0.8114,0.5667,0.6,0.6594,BERKEMBANG,MAJU,0.7073,0.0479
138,3327142006,2000,JAWA TENGAH,PEMALANG,PETARUKAN,KARANGASEM,0.7143,0.7833,0.6,0.6992,BERKEMBANG,MAJU,0.7073,0.0081
139,3327142006,2000,JAWA TENGAH,PEMALANG,PETARUKAN,PETANJUNGAN,0.7829,0.4833,0.6,0.6221,BERKEMBANG,MAJU,0.7073,0.0852
140,3327142006,2000,JAWA TENGAH,PEMALANG,PETARUKAN,SERANG,0.7543,0.5333,0.6667,0.6514,BERKEMBANG,MAJU,0.7073,0.0559
141,3327142006,2000,JAWA TENGAH,PEMALANG,PETARUKAN,KALIRANDU,0.8114,0.7167,0.8,0.776,MAJU,MANDIRI,0.8156,0.0396
142,3327142006,2000,JAWA TENGAH,PEMALANG,PETARUKAN,ISER,0.8,0.5167,0.6667,0.6611,BERKEMBANG,MAJU,0.7073,0.0462
143,3327142006,2000,JAWA TENGAH,PEMALANG,PETARUKAN,SIRANGKANG,0.7771,0.6,0.6667,0.6813,BERKEMBANG,MAJU,0.7073,0.026
144,3327142006,2000,JAWA TENGAH,PEMALANG,PETARUKAN,PESUCEN,0.7543,0.6167,0.6,0.657,BERKEMBANG,MAJU,0.7073,0.0503
145,3327142006,2000,JAWA TENGAH,PEMALANG,PETARUKAN,TEMUIRENG,0.8286,0.6,0.9333,0.7873,MAJU,MANDIRI,0.8156,0.0283
146,3327142006,2000,JAWA TENGAH,PEMALANG,PETARUKAN,PANJUNAN,0.7143,0.65,0.7333,0.6992,BERKEMBANG,MAJU,0.7073,0.0081
147,3327142006,2000,JAWA TENGAH,PEMALANG,PETARUKAN,KENDALDOYONG,0.7829,0.65,0.8667,0.7665,MAJU,MANDIRI,0.8156,0.0491
148,3327142006,2000,JAWA TENGAH,PEMALANG,PETARUKAN,PEGUNDAN,0.7371,0.65,0.8,0.729,MAJU,MANDIRI,0.8156,0.0866
149,3327142006,2000,JAWA TENGAH,PEMALANG,PETARUKAN,BULU,0.7486,0.5833,0.6667,0.6662,BERKEMBANG,MAJU,0.7073,0.0411
150,3327142006,2000,JAWA TENGAH,PEMALANG,PETARUKAN,TEGALMLATI,0.76,0.6,0.6667,0.6756,BERKEMBANG,MAJU,0.7073,0.0317
151,3327142006,2000,JAWA TENGAH,PEMALANG,PETARUKAN,LONING,0.84,0.6667,0.8667,0.7911,MAJU,MANDIRI,0.8156,0.0245
152,3327142006,2000,JAWA TENGAH,PEMALANG,PETARUKAN,KLAREYAN,0.6743,0.8,0.6667,0.7137,MAJU,MANDIRI,0.8156,0.1019
153,3327142006,2000,JAWA TENGAH,PEMALANG,PETARUKAN,KENDALREJO,0.7429,0.5167,0.6,0.6198,BERKEMBANG,MAJU,0.7073,0.0875
154,3327142006,2000,JAWA TENGAH,PEMALANG,PETARUKAN,NYAMPLUNGSARI,0.8171,0.6,0.6,0.6724,BERKEMBANG,MAJU,0.7073,0.0349
155,3327142006,2000,JAWA TENGAH,PEMALANG,AMPELGADING,SOKAWATI,0.7886,0.6333,0.8667,0.7629,MAJU,MANDIRI,0.8156,0.0527
156,3327142006,2000,JAWA TENGAH,PEMALANG,AMPELGADING,TEGALSARI TIMUR,0.7771,0.5667,0.6667,0.6702,BERKEMBANG,MAJU,0.7073,0.0371
157,3327142006,2000,JAWA TENGAH,PEMALANG,AMPELGADING,KEMUNING,0.7829,0.5667,0.6667,0.6721,BERKEMBANG,MAJU,0.7073,0.0352
158,3327142006,2000,JAWA TENGAH,PEMALANG,AMPELGADING,KARANGTALOK,0.84,0.7167,0.8667,0.8078,MAJU,MANDIRI,0.8156,0.0078
159,3327142006,2000,JAWA TENGAH,PEMALANG,AMPELGADING,WONOGIRI,0.8343,0.5667,0.6667,0.6892,BERKEMBANG,MAJU,0.7073,0.0181
160,3327142006,2000,JAWA TENGAH,PEMALANG,AMPELGADING,BLIMBING,0.8457,0.7167,0.8,0.7875,MAJU,MANDIRI,0.8156,0.0281
161,3327142006,2000,JAWA TENGAH,PEMALANG,AMPELGADING,AMPELGADING,0.8171,0.8833,0.6667,0.789,MAJU,MANDIRI,0.8156,0.0266
162,3327142006,2000,JAWA TENGAH,PEMALANG,AMPELGADING,CIBIYUK,0.7886,0.5667,0.6667,0.674,BERKEMBANG,MAJU,0.7073,0.0333
163,3327142006,2000,JAWA TENGAH,PEMALANG,AMPELGADING,KARANGTENGAH,0.8114,0.7167,0.6667,0.7316,MAJU,MANDIRI,0.8156,0.084
164,3327142006,2000,JAWA TENGAH,PEMALANG,AMPELGADING,BANGLARANGAN,0.84,0.6667,0.8667,0.7911,MAJU,MANDIRI,0.8156,0.0245
165,3327142006,2000,JAWA TENGAH,PEMALANG,AMPELGADING,LOSARI,0.8743,0.7667,0.6667,0.7692,MAJU,MANDIRI,0.8156,0.0464
166,3327142006,2000,JAWA TENGAH,PEMALANG,AMPELGADING,UJUNGGEDE,0.96,0.9333,0.6667,0.8533,MANDIRI,MANDIRI,0.8156,-0.0377
167,3327142006,2000,JAWA TENGAH,PEMALANG,AMPELGADING,JATIREJO,0.8286,0.7167,0.6667,0.7373,MAJU,MANDIRI,0.8156,0.0783
168,3327142006,2000,JAWA TENGAH,PEMALANG,AMPELGADING,KEBAGUSAN,0.8971,0.6667,0.8667,0.8102,MAJU,MANDIRI,0.8156,0.0054
169,3327142006,2000,JAWA TENGAH,PEMALANG,AMPELGADING,SIDOKARE,0.7943,0.7,0.8,0.7648,MAJU,MANDIRI,0.8156,0.0508
170,3327142006,2000,JAWA TENGAH,PEMALANG,AMPELGADING,TEGALSARI BARAT,0.7657,0.6667,0.6667,0.6997,BERKEMBANG,MAJU,0.7073,0.0076
171,3327142006,2000,JAWA TENGAH,PEMALANG,COMAL,TUMBAL,0.8057,0.6667,0.5333,0.6686,BERKEMBANG,MAJU,0.7073,0.0387
172,3327142006,2000,JAWA TENGAH,PEMALANG,COMAL,PECANGAKAN,0.8857,0.6667,0.5333,0.6952,BERKEMBANG,MAJU,0.7073,0.0121
173,3327142006,2000,JAWA TENGAH,PEMALANG,COMAL,SIKAYU,0.8,0.6,0.6667,0.6889,BERKEMBANG,MAJU,0.7073,0.0184
174,3327142006,2000,JAWA TENGAH,PEMALANG,COMAL,PURWOSARI,0.92,0.7833,0.7333,0.8122,MAJU,MANDIRI,0.8156,0.0034
175,3327142006,2000,JAWA TENGAH,PEMALANG,COMAL,SIDOREJO,0.8686,0.7,0.5333,0.7006,BERKEMBANG,MAJU,0.7073,0.0067
176,3327142006,2000,JAWA TENGAH,PEMALANG,COMAL,LOWA,0.7486,0.75,0.5333,0.6773,BERKEMBANG,MAJU,0.7073,0.03
177,3327142006,2000,JAWA TENGAH,PEMALANG,COMAL,AMBOKULON,0.6743,0.6167,0.6667,0.6525,BERKEMBANG,MAJU,0.7073,0.0548
178,3327142006,2000,JAWA TENGAH,PEMALANG,COMAL,GANDU,0.7943,0.5667,0.6667,0.6759,BERKEMBANG,MAJU,0.7073,0.0314
179,3327142006,2000,JAWA TENGAH,PEMALANG,COMAL,GEDEG,0.8171,0.6,0.6667,0.6946,BERKEMBANG,MAJU,0.7073,0.0127
180,3327142006,2000,JAWA TENGAH,PEMALANG,COMAL,GINTUNG,0.7657,0.6833,0.6,0.683,BERKEMBANG,MAJU,0.7073,0.0243
181,3327142006,2000,JAWA TENGAH,PEMALANG,COMAL,SARWODADI,0.8229,0.6833,0.6,0.7021,BERKEMBANG,MAJU,0.7073,0.0052
182,3327142006,2000,JAWA TENGAH,PEMALANG,COMAL,SUSUKAN,0.8,0.7833,0.8,0.7944,MAJU,MANDIRI,0.8156,0.0212
183,3327142006,2000,JAWA TENGAH,PEMALANG,COMAL,KLEGEN,0.8229,0.6833,0.5333,0.6798,BERKEMBANG,MAJU,0.7073,0.0275
184,3327142006,2000,JAWA TENGAH,PEMALANG,COMAL,WONOKROMO,0.8343,0.6667,0.5333,0.6781,BERKEMBANG,MAJU,0.7073,0.0292
185,3327142006,2000,JAWA TENGAH,PEMALANG,COMAL,KEBOJONGAN,0.6971,0.6833,0.5333,0.6379,BERKEMBANG,MAJU,0.7073,0.0694
186,3327142006,2000,JAWA TENGAH,PEMALANG,COMAL,KANDANG,0.7429,0.7,0.4667,0.6365,BERKEMBANG,MAJU,0.7073,0.0708
187,3327142006,2000,JAWA TENGAH,PEMALANG,COMAL,KAUMAN,0.8629,0.6667,0.4667,0.6654,BERKEMBANG,MAJU,0.7073,0.0419
188,3327142006,2000,JAWA TENGAH,PEMALANG,ULUJAMI,SUKOREJO,0.8,0.5,0.6667,0.6556,BERKEMBANG,MAJU,0.7073,0.0517
189,3327142006,2000,JAWA TENGAH,PEMALANG,ULUJAMI,BOTEKAN,0.7543,0.5667,0.5333,0.6181,BERKEMBANG,MAJU,0.7073,0.0892
190,3327142006,2000,JAWA TENGAH,PEMALANG,ULUJAMI,ROWOSARI,0.84,0.7833,0.6,0.7411,MAJU,MANDIRI,0.8156,0.0745
191,3327142006,2000,JAWA TENGAH,PEMALANG,ULUJAMI,AMBOWETAN,0.8629,0.7,0.6,0.721,MAJU,MANDIRI,0.8156,0.0946
192,3327142006,2000,JAWA TENGAH,PEMALANG,ULUJAMI,PAGERGUNUNG,0.7543,0.6667,0.6667,0.6959,BERKEMBANG,MAJU,0.7073,0.0114
193,3327142006,2000,JAWA TENGAH,PEMALANG,ULUJAMI,WIYOROWETAN,0.7029,0.5,0.6,0.601,BERKEMBANG,MAJU,0.7073,0.1063
194,3327142006,2000,JAWA TENGAH,PEMALANG,ULUJAMI,SAMONG,0.8229,0.5833,0.6,0.6687,BERKEMBANG,MAJU,0.7073,0.0386
195,3327142006,2000,JAWA TENGAH,PEMALANG,ULUJAMI,TASIKREJO,0.8171,0.5833,0.5333,0.6446,BERKEMBANG,MAJU,0.7073,0.0627
196,3327142006,2000,JAWA TENGAH,PEMALANG,ULUJAMI,BUMIREJO,0.8229,0.6167,0.6667,0.7021,BERKEMBANG,MAJU,0.7073,0.0052
197,3327142006,2000,JAWA TENGAH,PEMALANG,ULUJAMI,KALIPRAU,0.7657,0.6333,0.6667,0.6886,BERKEMBANG,MAJU,0.7073,0.0187
198,3327142006,2000,JAWA TENGAH,PEMALANG,ULUJAMI,KERTOSARI,0.8571,0.7167,0.3333,0.6357,BERKEMBANG,MAJU,0.7073,0.0716
199,3327142006,2000,JAWA TENGAH,PEMALANG,ULUJAMI,PAMUTIH,0.7829,0.7667,0.8667,0.8054,MAJU,MANDIRI,0.8156,0.0102
200,3327142006,2000,JAWA TENGAH,PEMALANG,ULUJAMI,PADEK,0.68,0.5333,0.8667,0.6933,BERKEMBANG,MAJU,0.7073,0.014
201,3327142006,2000,JAWA TENGAH,PEMALANG,ULUJAMI,BLENDUNG,0.7543,0.7333,0.4667,0.6514,BERKEMBANG,MAJU,0.7073,0.0559
202,3327142006,2000,JAWA TENGAH,PEMALANG,ULUJAMI,KETAPANG,0.7657,0.6333,0.5333,0.6441,BERKEMBANG,MAJU,0.7073,0.0632
203,3327142006,2000,JAWA TENGAH,PEMALANG,ULUJAMI,LIMBANGAN,0.8171,0.7333,0.8,0.7835,MAJU,MANDIRI,0.8156,0.0321
204,3327142006,2000,JAWA TENGAH,PEMALANG,ULUJAMI,MOJO,0.8229,0.5667,0.7333,0.7076,MAJU,MANDIRI,0.8156,0.108
205,3327142006,2000,JAWA TENGAH,PEMALANG,ULUJAMI,PESANTREN,0.88,0.6667,0.4667,0.6711,BERKEMBANG,MAJU,0.7073,0.0362
206,3327142006,2000,JAWA TENGAH,PEMALANG,WARUNGPRING,PAKEMBARAN,0.7029,0.5667,0.5333,0.601,BERKEMBANG,MAJU,0.7073,0.1063
207,3327142006,2000,JAWA TENGAH,PEMALANG,WARUNGPRING,WARUNGPRING,0.8571,0.85,0.9333,0.8802,MANDIRI,MANDIRI,0.8156,-0.0646
208,3327142006,2000,JAWA TENGAH,PEMALANG,WARUNGPRING,KARANGDAWA,0.6857,0.6833,0.6,0.6563,BERKEMBANG,MAJU,0.7073,0.051
209,3327142006,2000,JAWA TENGAH,PEMALANG,WARUNGPRING,DATAR,0.7771,0.6,0.6667,0.6813,BERKEMBANG,MAJU,0.7073,0.026
210,3327142006,2000,JAWA TENGAH,PEMALANG,WARUNGPRING,CIBUYUR,0.7886,0.7167,0.6667,0.724,MAJU,MANDIRI,0.8156,0.0916
211,3327142006,2000,JAWA TENGAH,PEMALANG,WARUNGPRING,MERENG,0.8571,0.6667,0.6,0.7079,MAJU,MANDIRI,0.8156,0.1077
