"RANKING","STATUS","ID_PROV","ID_KAB","NAMA_PROV","NAMA_KAB","TOTAL_DESA","TOTAL_VERIFIED","YEAR_NOW","IDM_NOW","STATUS_NOW","IKS_NOW","IKE_NOW","IKL_NOW","JML_DESA_NOW","YEAR_PREV","IDM_PREV","STATUS_PREV","IKS_PREV","IKE_PREV","IKL_PREV","JML_DESA_PREV"
"1","MANDIRI","35","3579","JAWA TIMUR","KOTA BATU","19","19","2021","0.8979","MANDIRI","0.8307","0.9404","0.9227","19","2020","0.8563","MANDIRI","0.7649","0.9228","0.8812","19"
"2","MANDIRI","51","5171","BALI","KOTA DENPASAR","27","27","2021","0.8950","MANDIRI","0.8858","0.8988","0.9003","27","2020","0.8793","MANDIRI","0.8648","0.8790","0.8940","27"
"3","MANDIRI","51","5103","BALI","KABUPATEN BADUNG","46","46","2021","0.8865","MANDIRI","0.8014","0.9464","0.9116","46","2020","0.8804","MANDIRI","0.8007","0.9333","0.9071","46"
"4","MANDIRI","32","3279","JAWA BARAT","KOTA BANJAR","16","16","2021","0.8656","MANDIRI","0.7427","0.9208","0.9332","16","2020","0.8263","MANDIRI","0.7104","0.8417","0.9268","16"
"5","MANDIRI","15","1572","JAMBI","KOTA SUNGAI PENUH","65","65","2021","0.8407","MANDIRI","0.7831","0.8800","0.8591","65","2020","0.8276","MANDIRI","0.7692","0.8677","0.8459","65"
"6","MANDIRI","34","3402","DI YOGYAKARTA","KABUPATEN BANTUL","75","75","2021","0.8356","MANDIRI","0.7967","0.8356","0.8745","75","2020","0.8170","MANDIRI","0.7816","0.8036","0.8658","75"
"7","MANDIRI","51","5102","BALI","KABUPATEN TABANAN","133","133","2021","0.8292","MANDIRI","0.7494","0.8972","0.8409","133","2020","0.7959","MAJU","0.7281","0.8376","0.8219","133"
"8","MANDIRI","35","3510","JAWA TIMUR","KABUPATEN BANYUWANGI","189","189","2021","0.8274","MANDIRI","0.7698","0.8399","0.8725","189","2020","0.8007","MAJU","0.7481","0.7954","0.8584","189"
"9","MANDIRI","51","5105","BALI","KABUPATEN KLUNGKUNG","53","53","2021","0.8262","MANDIRI","0.7497","0.8994","0.8296","53","2020","0.8072","MAJU","0.7355","0.8830","0.8029","53"
"10","MANDIRI","51","5104","BALI","KABUPATEN GIANYAR","64","64","2021","0.8176","MANDIRI","0.8070","0.7750","0.8708","64","2020","0.7959","MAJU","0.7943","0.7396","0.8539","64"
"11","MAJU","34","3404","DI YOGYAKARTA","KABUPATEN SLEMAN","86","86","2021","0.8119","MAJU","0.7576","0.8264","0.8518","86","2020","0.7985","MAJU","0.7506","0.8047","0.8401","86"
"12","MAJU","61","6102","KALIMANTAN BARAT","KABUPATEN MEMPAWAH","60","60","2021","0.8070","MAJU","0.7442","0.7956","0.8811","60","2020","0.7927","MAJU","0.7389","0.7600","0.8792","60"
"13","MAJU","51","5101","BALI","KABUPATEN JEMBRANA","41","41","2021","0.7945","MAJU","0.7171","0.8000","0.8663","41","2020","0.7807","MAJU","0.7057","0.7821","0.8542","41"
"14","MAJU","62","6201","KALIMANTAN TENGAH","KABUPATEN KOTAWARINGIN BARAT","81","81","2021","0.7912","MAJU","0.7095","0.8214","0.8427","81","2020","0.7167","MAJU","0.5833","0.7622","0.8047","81"
"15","MAJU","51","5106","BALI","KABUPATEN BANGLI","68","68","2021","0.7908","MAJU","0.7020","0.8647","0.8057","68","2020","0.7824","MAJU","0.6897","0.8618","0.7958","68"
"16","MAJU","73","7311","SULAWESI SELATAN","KABUPATEN BARRU","40","40","2021","0.7818","MAJU","0.7283","0.7783","0.8387","40","2020","0.7444","MAJU","0.7079","0.7050","0.8203","40"
"17","MAJU","51","5107","BALI","KABUPATEN KARANGASEM","75","75","2021","0.7805","MAJU","0.7040","0.8436","0.7938","75","2020","0.7668","MAJU","0.6820","0.8364","0.7819","75"
"18","MAJU","13","1304","SUMATERA BARAT","KABUPATEN TANAH DATAR","75","75","2021","0.7786","MAJU","0.7442","0.8018","0.7897","75","2020","0.7655","MAJU","0.7356","0.7840","0.7768","75"
"19","MAJU","32","3204","JAWA BARAT","KABUPATEN BANDUNG","270","270","2021","0.7767","MAJU","0.7284","0.7343","0.8673","270","2020","0.7524","MAJU","0.7125","0.6993","0.8455","270"
"20","MAJU","35","3525","JAWA TIMUR","KABUPATEN GRESIK","330","330","2021","0.7706","MAJU","0.7035","0.7929","0.8152","330","2020","0.7325","MAJU","0.6750","0.7269","0.7956","330"
"21","MAJU","32","3217","JAWA BARAT","KABUPATEN BANDUNG BARAT","165","165","2021","0.7679","MAJU","0.7033","0.7386","0.8617","165","2020","0.7530","MAJU","0.6895","0.7168","0.8528","165"
"22","MAJU","73","7303","SULAWESI SELATAN","KABUPATEN BANTAENG","46","46","2021","0.7665","MAJU","0.7109","0.7739","0.8148","46","2020","0.7245","MAJU","0.6866","0.7058","0.7810","46"
"23","MAJU","81","8171","MALUKU","KOTA AMBON","30","30","2021","0.7657","MAJU","0.7306","0.7444","0.8221","30","2020","0.7314","MAJU","0.6728","0.7289","0.7926","30"
"24","MAJU","61","6101","KALIMANTAN BARAT","KABUPATEN SAMBAS","193","193","2021","0.7651","MAJU","0.6615","0.8152","0.8186","193","2020","0.7249","MAJU","0.5955","0.7896","0.7895","193"
"25","MAJU","11","1172","ACEH","KOTA SABANG","18","18","2021","0.7618","MAJU","0.6648","0.8148","0.8057","18","2020","0.7532","MAJU","0.6639","0.8000","0.7955","18"
"26","MAJU","13","1312","SUMATERA BARAT","KABUPATEN PASAMAN BARAT","19","19","2021","0.7612","MAJU","0.7597","0.6702","0.8538","19","2020","0.7574","MAJU","0.7614","0.6597","0.8511","19"
"27","MAJU","35","3507","JAWA TIMUR","KABUPATEN MALANG","378","378","2021","0.7598","MAJU","0.7063","0.7408","0.8323","378","2020","0.7371","MAJU","0.6876","0.7013","0.8225","377"
"28","MAJU","34","3403","DI YOGYAKARTA","KABUPATEN GUNUNG KIDUL","144","144","2021","0.7595","MAJU","0.6712","0.7907","0.8165","144","2020","0.7531","MAJU","0.6640","0.7857","0.8096","144"
"29","MAJU","61","6112","KALIMANTAN BARAT","KABUPATEN KUBU RAYA","117","117","2021","0.7590","MAJU","0.6531","0.8017","0.8220","117","2020","0.7168","MAJU","0.6071","0.7487","0.7944","117"
"30","MAJU","11","1171","ACEH","KOTA BANDA ACEH","90","90","2021","0.7584","MAJU","0.6383","0.8111","0.8258","90","2020","0.7494","MAJU","0.6259","0.8089","0.8135","90"
"31","MAJU","18","1804","LAMPUNG","KABUPATEN LAMPUNG BARAT","131","131","2021","0.7582","MAJU","0.6106","0.8468","0.8171","131","2020","0.7062","BERKEMBANG","0.5594","0.7700","0.7892","131"
"32","MAJU","35","3522","JAWA TIMUR","KABUPATEN BOJONEGORO","419","419","2021","0.7569","MAJU","0.6391","0.8264","0.8052","419","2020","0.7125","MAJU","0.5953","0.7585","0.7836","419"
"33","MAJU","35","3519","JAWA TIMUR","KABUPATEN MADIUN","198","198","2021","0.7560","MAJU","0.6869","0.7714","0.8096","198","2020","0.7160","MAJU","0.6511","0.7115","0.7853","198"
"34","MAJU","71","7102","SULAWESI UTARA","KABUPATEN MINAHASA","227","227","2021","0.7548","MAJU","0.6441","0.8449","0.7753","227","2020","0.7160","MAJU","0.6198","0.7692","0.7591","227"
"35","MAJU","34","3401","DI YOGYAKARTA","KABUPATEN KULON PROGO","87","87","2021","0.7512","MAJU","0.6933","0.7395","0.8208","87","2020","0.7222","MAJU","0.6630","0.7011","0.8024","87"
"36","MAJU","81","8172","MALUKU","KOTA TUAL","27","27","2021","0.7503","MAJU","0.5840","0.8543","0.8125","27","2020","0.6813","BERKEMBANG","0.5179","0.7630","0.7630","27"
"37","MAJU","71","7174","SULAWESI UTARA","KOTA KOTAMOBAGU","15","15","2021","0.7493","MAJU","0.6122","0.7867","0.8491","15","2020","0.7389","MAJU","0.6011","0.7867","0.8290","15"
"38","MAJU","13","1377","SUMATERA BARAT","KOTA PARIAMAN","55","55","2021","0.7485","MAJU","0.5952","0.8897","0.7606","55","2020","0.7256","MAJU","0.5730","0.8715","0.7324","55"
"39","MAJU","32","3210","JAWA BARAT","KABUPATEN MAJALENGKA","330","330","2021","0.7476","MAJU","0.6767","0.7503","0.8157","330","2020","0.7094","MAJU","0.6449","0.6990","0.7842","330"
"40","MAJU","19","1906","KEPULAUAN BANGKA BELITUNG","KABUPATEN BELITUNG TIMUR","39","39","2021","0.7469","MAJU","0.6585","0.7385","0.8437","39","2020","0.7391","MAJU","0.6620","0.7334","0.8221","39"
"40","MAJU","13","1306","SUMATERA BARAT","KABUPATEN AGAM","82","82","2021","0.7469","MAJU","0.7303","0.6968","0.8138","82","2020","0.7354","MAJU","0.7197","0.6838","0.8026","82"
"42","MAJU","14","1403","RIAU","KABUPATEN BENGKALIS","136","136","2021","0.7466","MAJU","0.6395","0.7652","0.8350","136","2020","0.7273","MAJU","0.6229","0.7422","0.8168","136"
"43","MAJU","35","3516","JAWA TIMUR","KABUPATEN MOJOKERTO","299","299","2021","0.7453","MAJU","0.6680","0.7605","0.8073","299","2020","0.7151","MAJU","0.6528","0.7017","0.7908","301"
"44","MAJU","35","3505","JAWA TIMUR","KABUPATEN BLITAR","220","220","2021","0.7439","MAJU","0.6639","0.7636","0.8043","220","2020","0.7318","MAJU","0.6582","0.7346","0.8027","219"
"45","MAJU","15","1504","JAMBI","KABUPATEN BATANGHARI","110","110","2021","0.7435","MAJU","0.6297","0.8018","0.7990","110","2020","0.7144","MAJU","0.6120","0.7491","0.7820","110"
"46","MAJU","32","3207","JAWA BARAT","KABUPATEN CIAMIS","258","258","2021","0.7428","MAJU","0.6872","0.7194","0.8217","258","2020","0.7133","MAJU","0.6587","0.6770","0.8041","258"
"46","MAJU","14","1405","RIAU","KABUPATEN PELALAWAN","104","104","2021","0.7428","MAJU","0.6220","0.8090","0.7975","104","2020","0.7228","MAJU","0.5966","0.7910","0.7808","104"
"48","MAJU","33","3319","JAWA TENGAH","KABUPATEN KUDUS","123","123","2021","0.7416","MAJU","0.7045","0.6862","0.8341","123","2020","0.7244","MAJU","0.6893","0.6629","0.8211","123"
"49","MAJU","73","7314","SULAWESI SELATAN","KABUPATEN SIDENRENG RAPPANG","68","68","2021","0.7399","MAJU","0.6873","0.6931","0.8394","68","2020","0.6950","BERKEMBANG","0.6324","0.6539","0.7986","68"
"50","MAJU","13","1307","SUMATERA BARAT","KABUPATEN LIMA PULUH KOTA","79","79","2021","0.7398","MAJU","0.7017","0.7114","0.8063","79","2020","0.7246","MAJU","0.6903","0.6895","0.7939","79"
"51","MAJU","35","3503","JAWA TIMUR","KABUPATEN TRENGGALEK","152","152","2021","0.7395","MAJU","0.6861","0.7386","0.7937","152","2020","0.7212","MAJU","0.6703","0.7101","0.7833","152"
"52","MAJU","61","6111","KALIMANTAN BARAT","KABUPATEN KAYONG UTARA","43","43","2021","0.7369","MAJU","0.6461","0.7442","0.8205","43","2020","0.7063","BERKEMBANG","0.6260","0.6837","0.8092","43"
"53","MAJU","51","5108","BALI","KABUPATEN BULELENG","129","129","2021","0.7361","MAJU","0.6946","0.7106","0.8032","129","2020","0.7331","MAJU","0.6966","0.6992","0.8034","129"
"54","MAJU","35","3520","JAWA TIMUR","KABUPATEN MAGETAN","207","207","2021","0.7357","MAJU","0.6685","0.7375","0.8010","207","2020","0.7179","MAJU","0.6540","0.7140","0.7856","207"
"55","MAJU","52","5202","NUSA TENGGARA BARAT","KABUPATEN LOMBOK TENGAH","127","127","2021","0.7354","MAJU","0.6846","0.6971","0.8243","127","2020","0.7275","MAJU","0.6773","0.6877","0.8175","127"
"56","MAJU","64","6409","KALIMANTAN TIMUR","KABUPATEN PENAJAM PASER UTARA","30","30","2021","0.7340","MAJU","0.6772","0.7111","0.8135","30","2020","0.7085","MAJU","0.6445","0.6689","0.8120","30"
"57","MAJU","52","5203","NUSA TENGGARA BARAT","KABUPATEN LOMBOK TIMUR","239","239","2021","0.7337","MAJU","0.6623","0.7300","0.8088","239","2020","0.7041","BERKEMBANG","0.6327","0.7035","0.7760","239"
"58","MAJU","14","1408","RIAU","KABUPATEN SIAK","122","122","2021","0.7335","MAJU","0.6443","0.7366","0.8195","122","2020","0.6993","BERKEMBANG","0.6271","0.6618","0.8092","122"
"59","MAJU","52","5207","NUSA TENGGARA BARAT","KABUPATEN SUMBAWA BARAT","57","57","2021","0.7332","MAJU","0.6067","0.7813","0.8114","57","2020","0.7139","MAJU","0.5956","0.7509","0.7953","57"
"60","MAJU","35","3518","JAWA TIMUR","KABUPATEN NGANJUK","264","264","2021","0.7320","MAJU","0.6450","0.7561","0.7948","264","2020","0.7079","MAJU","0.6330","0.7068","0.7840","264"
"61","MAJU","35","3517","JAWA TIMUR","KABUPATEN JOMBANG","302","302","2021","0.7313","MAJU","0.6356","0.7850","0.7734","302","2020","0.7248","MAJU","0.6304","0.7784","0.7657","302"
"62","MAJU","32","3201","JAWA BARAT","KABUPATEN BOGOR","416","416","2021","0.7307","MAJU","0.6833","0.6643","0.8445","416","2020","0.7001","BERKEMBANG","0.6518","0.6303","0.8183","416"
"63","MAJU","13","1311","SUMATERA BARAT","KABUPATEN SOLOK SELATAN","39","39","2021","0.7296","MAJU","0.6769","0.6974","0.8145","39","2020","0.7133","MAJU","0.6590","0.6786","0.8022","39"
"64","MAJU","13","1303","SUMATERA BARAT","KABUPATEN SIJUNJUNG","61","61","2021","0.7273","MAJU","0.7044","0.6678","0.8096","61","2020","0.7024","BERKEMBANG","0.6855","0.6383","0.7835","61"
"65","MAJU","32","3212","JAWA BARAT","KABUPATEN INDRAMAYU","309","309","2021","0.7263","MAJU","0.6816","0.6928","0.8045","309","2020","0.7151","MAJU","0.6693","0.6855","0.7905","309"
"65","MAJU","62","6208","KALIMANTAN TENGAH","KABUPATEN SUKAMARA","29","29","2021","0.7263","MAJU","0.6500","0.7150","0.8140","29","2020","0.6495","BERKEMBANG","0.5558","0.6092","0.7835","29"
"67","MAJU","35","3523","JAWA TIMUR","KABUPATEN TUBAN","311","311","2021","0.7254","MAJU","0.6853","0.7042","0.7868","311","2020","0.6999","BERKEMBANG","0.6495","0.6819","0.7682","311"
"68","MAJU","32","3209","JAWA BARAT","KABUPATEN CIREBON","412","412","2021","0.7252","MAJU","0.6678","0.7031","0.8049","412","2020","0.6888","BERKEMBANG","0.6319","0.6566","0.7779","412"
"69","MAJU","32","3218","JAWA BARAT","KABUPATEN PANGANDARAN","93","93","2021","0.7251","MAJU","0.6556","0.7147","0.8051","93","2020","0.7059","BERKEMBANG","0.6468","0.6796","0.7915","93"
"70","MAJU","73","7306","SULAWESI SELATAN","KABUPATEN GOWA","121","121","2021","0.7249","MAJU","0.6426","0.7378","0.7944","121","2020","0.6918","BERKEMBANG","0.6240","0.6788","0.7727","121"
"71","MAJU","52","5208","NUSA TENGGARA BARAT","KABUPATEN LOMBOK UTARA","43","43","2021","0.7245","MAJU","0.6132","0.7504","0.8100","43","2020","0.7157","MAJU","0.6152","0.7232","0.8088","33"
"72","MAJU","32","3213","JAWA BARAT","KABUPATEN SUBANG","245","245","2021","0.7242","MAJU","0.6471","0.7020","0.8234","245","2020","0.6895","BERKEMBANG","0.6179","0.6550","0.7956","245"
"73","MAJU","64","6401","KALIMANTAN TIMUR","KABUPATEN PASER","139","139","2021","0.7240","MAJU","0.6129","0.7813","0.7777","139","2020","0.6664","BERKEMBANG","0.5600","0.6748","0.7646","139"
"74","MAJU","71","7106","SULAWESI UTARA","KABUPATEN MINAHASA UTARA","125","125","2021","0.7237","MAJU","0.6384","0.7163","0.8165","125","2020","0.6802","BERKEMBANG","0.6017","0.6619","0.7770","125"
"75","MAJU","33","3309","JAWA TENGAH","KABUPATEN BOYOLALI","261","261","2021","0.7233","MAJU","0.6609","0.7190","0.7901","261","2020","0.6941","BERKEMBANG","0.6212","0.6931","0.7679","273"
"76","MAJU","33","3311","JAWA TENGAH","KABUPATEN SUKOHARJO","150","150","2021","0.7230","MAJU","0.6599","0.6711","0.8379","150","2020","0.7156","MAJU","0.6511","0.6645","0.8313","150"
"77","MAJU","32","3208","JAWA BARAT","KABUPATEN KUNINGAN","361","361","2021","0.7229","MAJU","0.6315","0.7350","0.8023","361","2020","0.7019","BERKEMBANG","0.6101","0.7082","0.7874","361"
"78","MAJU","35","3515","JAWA TIMUR","KABUPATEN SIDOARJO","322","322","2021","0.7228","MAJU","0.6774","0.6503","0.8406","322","2020","0.6988","BERKEMBANG","0.6546","0.6180","0.8239","322"
"79","MAJU","32","3211","JAWA BARAT","KABUPATEN SUMEDANG","270","270","2021","0.7221","MAJU","0.6615","0.6936","0.8110","270","2020","0.6933","BERKEMBANG","0.6377","0.6499","0.7924","270"
"80","MAJU","35","3501","JAWA TIMUR","KABUPATEN PACITAN","166","166","2021","0.7210","MAJU","0.6724","0.6976","0.7931","166","2020","0.7072","BERKEMBANG","0.6635","0.6763","0.7818","166"
"81","MAJU","18","1810","LAMPUNG","KABUPATEN PRINGSEWU","126","126","2021","0.7200","MAJU","0.6459","0.6857","0.8283","126","2020","0.6983","BERKEMBANG","0.6156","0.6625","0.8167","126"
"82","MAJU","33","3324","JAWA TENGAH","KABUPATEN KENDAL","266","266","2021","0.7190","MAJU","0.6593","0.6950","0.8026","266","2020","0.7095","MAJU","0.6427","0.6925","0.7933","266"
"83","MAJU","61","6103","KALIMANTAN BARAT","KABUPATEN SANGGAU","163","163","2021","0.7187","MAJU","0.5672","0.8123","0.7767","163","2020","0.6441","BERKEMBANG","0.5156","0.6565","0.7602","163"
"84","MAJU","35","3509","JAWA TIMUR","KABUPATEN JEMBER","226","226","2021","0.7180","MAJU","0.6498","0.7015","0.8026","226","2020","0.7095","MAJU","0.6363","0.6959","0.7964","226"
"85","MAJU","64","6403","KALIMANTAN TIMUR","KABUPATEN BERAU","100","100","2021","0.7177","MAJU","0.6010","0.7540","0.7982","100","2020","0.6999","BERKEMBANG","0.5870","0.7247","0.7880","100"
"86","MAJU","73","7307","SULAWESI SELATAN","KABUPATEN SINJAI","67","67","2021","0.7170","MAJU","0.6614","0.6975","0.7920","67","2020","0.6750","BERKEMBANG","0.6261","0.6388","0.7602","67"
"87","MAJU","73","7302","SULAWESI SELATAN","KABUPATEN BULUKUMBA","109","109","2021","0.7168","MAJU","0.6812","0.6844","0.7849","109","2020","0.6954","BERKEMBANG","0.6610","0.6612","0.7641","109"
"88","MAJU","33","3327","JAWA TENGAH","KABUPATEN PEMALANG","211","211","2021","0.7167","MAJU","0.6557","0.7008","0.7935","211","2020","0.6962","BERKEMBANG","0.6355","0.6730","0.7802","211"
"89","MAJU","13","1373","SUMATERA BARAT","KOTA SAWAHLUNTO","27","27","2021","0.7157","MAJU","0.6321","0.7161","0.7989","27","2020","0.7004","BERKEMBANG","0.6111","0.6963","0.7937","27"
"90","MAJU","19","1902","KEPULAUAN BANGKA BELITUNG","KABUPATEN BELITUNG","42","42","2021","0.7140","MAJU","0.6429","0.6889","0.8102","42","2020","0.7040","BERKEMBANG","0.6314","0.6826","0.7982","42"
"91","MAJU","13","1310","SUMATERA BARAT","KABUPATEN DHARMASRAYA","52","52","2021","0.7135","MAJU","0.7087","0.6039","0.8280","52","2020","0.6953","BERKEMBANG","0.6917","0.5833","0.8108","52"
"92","MAJU","64","6402","KALIMANTAN TIMUR","KABUPATEN KUTAI KARTANEGARA","193","193","2021","0.7128","MAJU","0.6294","0.7067","0.8022","193","2020","0.6846","BERKEMBANG","0.6081","0.6643","0.7813","193"
"93","MAJU","35","3513","JAWA TIMUR","KABUPATEN PROBOLINGGO","325","324","2021","0.7127","MAJU","0.6093","0.7535","0.7752","324","2020","0.7000","BERKEMBANG","0.6009","0.7290","0.7701","325"
"94","MAJU","33","3312","JAWA TENGAH","KABUPATEN WONOGIRI","251","251","2021","0.7120","MAJU","0.6435","0.7060","0.7865","251","2020","0.7034","BERKEMBANG","0.6344","0.6964","0.7793","251"
"95","MAJU","64","6408","KALIMANTAN TIMUR","KABUPATEN KUTAI TIMUR","139","139","2021","0.7119","MAJU","0.6596","0.7007","0.7755","139","2020","0.6782","BERKEMBANG","0.6171","0.6748","0.7425","139"
"96","MAJU","32","3202","JAWA BARAT","KABUPATEN SUKABUMI","381","381","2021","0.7115","MAJU","0.6360","0.6782","0.8203","381","2020","0.6951","BERKEMBANG","0.6143","0.6654","0.8056","381"
"97","MAJU","71","7107","SULAWESI UTARA","KABUPATEN MINAHASA TENGGARA","135","135","2021","0.7111","MAJU","0.5667","0.8143","0.7523","135","2020","0.6872","BERKEMBANG","0.5364","0.7892","0.7360","135"
"98","MAJU","13","1308","SUMATERA BARAT","KABUPATEN PASAMAN","37","37","2021","0.7109","MAJU","0.6878","0.6072","0.8377","37","2020","0.6879","BERKEMBANG","0.6599","0.5964","0.8074","37"
"99","MAJU","33","3318","JAWA TENGAH","KABUPATEN PATI","401","401","2021","0.7105","MAJU","0.6473","0.7086","0.7757","401","2020","0.6993","BERKEMBANG","0.6405","0.6933","0.7641","401"
"100","MAJU","35","3504","JAWA TIMUR","KABUPATEN TULUNGAGUNG","257","257","2021","0.7099","MAJU","0.6592","0.6854","0.7851","257","2020","0.6960","BERKEMBANG","0.6425","0.6724","0.7730","257"
"101","MAJU","61","6109","KALIMANTAN BARAT","KABUPATEN SEKADAU","87","87","2021","0.7094","MAJU","0.5933","0.7111","0.8237","87","2020","0.6650","BERKEMBANG","0.5669","0.6375","0.7905","87"
"102","MAJU","52","5201","NUSA TENGGARA BARAT","KABUPATEN LOMBOK BARAT","119","119","2021","0.7091","MAJU","0.6336","0.6902","0.8034","119","2020","0.6936","BERKEMBANG","0.6097","0.6790","0.7920","119"
"103","MAJU","35","3511","JAWA TIMUR","KABUPATEN BONDOWOSO","209","209","2021","0.7081","MAJU","0.6187","0.7142","0.7915","209","2020","0.6963","BERKEMBANG","0.6042","0.7002","0.7844","209"
"104","MAJU","32","3214","JAWA BARAT","KABUPATEN PURWAKARTA","183","183","2021","0.7075","MAJU","0.6468","0.6791","0.7967","183","2020","0.6690","BERKEMBANG","0.6111","0.6277","0.7681","183"
"105","MAJU","18","1802","LAMPUNG","KABUPATEN LAMPUNG TENGAH","301","301","2021","0.7074","MAJU","0.6515","0.6530","0.8176","301","2020","0.6933","BERKEMBANG","0.6306","0.6440","0.8052","300"
"106","BERKEMBANG","35","3524","JAWA TIMUR","KABUPATEN LAMONGAN","462","462","2021","0.7071","BERKEMBANG","0.6382","0.7104","0.7728","462","2020","0.6906","BERKEMBANG","0.6247","0.6891","0.7579","462"
"107","BERKEMBANG","32","3216","JAWA BARAT","KABUPATEN BEKASI","180","180","2021","0.7063","BERKEMBANG","0.6694","0.6315","0.8180","180","2020","0.6885","BERKEMBANG","0.6453","0.6126","0.8076","180"
"108","BERKEMBANG","75","7503","GORONTALO","KABUPATEN BONE BOLANGO","160","160","2021","0.7062","BERKEMBANG","0.6024","0.7504","0.7659","160","2020","0.6751","BERKEMBANG","0.5754","0.6996","0.7504","160"
"109","BERKEMBANG","35","3521","JAWA TIMUR","KABUPATEN NGAWI","213","213","2021","0.7057","BERKEMBANG","0.6476","0.6707","0.7987","213","2020","0.6893","BERKEMBANG","0.6255","0.6529","0.7896","213"
"110","BERKEMBANG","63","6307","KALIMANTAN SELATAN","KABUPATEN HULU SUNGAI TENGAH","161","161","2021","0.7051","BERKEMBANG","0.6024","0.7445","0.7684","161","2020","0.6636","BERKEMBANG","0.5848","0.6725","0.7336","161"
"111","BERKEMBANG","35","3508","JAWA TIMUR","KABUPATEN LUMAJANG","198","198","2021","0.7041","BERKEMBANG","0.6040","0.6993","0.8091","198","2020","0.6879","BERKEMBANG","0.5809","0.6876","0.7953","198"
"112","BERKEMBANG","33","3314","JAWA TENGAH","KABUPATEN SRAGEN","196","196","2021","0.7035","BERKEMBANG","0.6456","0.6636","0.8013","196","2020","0.6986","BERKEMBANG","0.6400","0.6548","0.8012","196"
"113","BERKEMBANG","33","3302","JAWA TENGAH","KABUPATEN BANYUMAS","301","301","2021","0.7033","BERKEMBANG","0.6514","0.6611","0.7975","301","2020","0.6988","BERKEMBANG","0.6393","0.6653","0.7917","301"
"114","BERKEMBANG","19","1904","KEPULAUAN BANGKA BELITUNG","KABUPATEN BANGKA TENGAH","56","56","2021","0.7021","BERKEMBANG","0.6432","0.6703","0.7929","56","2020","0.6941","BERKEMBANG","0.6467","0.6595","0.7759","56"
"115","BERKEMBANG","33","3301","JAWA TENGAH","KABUPATEN CILACAP","269","269","2021","0.7017","BERKEMBANG","0.6354","0.6808","0.7890","269","2020","0.6911","BERKEMBANG","0.6239","0.6711","0.7784","269"
"116","BERKEMBANG","15","1505","JAMBI","KABUPATEN MUARO JAMBI","150","150","2021","0.7016","BERKEMBANG","0.6284","0.6716","0.8047","150","2020","0.6806","BERKEMBANG","0.6097","0.6458","0.7862","150"
"116","BERKEMBANG","35","3506","JAWA TIMUR","KABUPATEN KEDIRI","343","343","2021","0.7016","BERKEMBANG","0.6300","0.6898","0.7849","343","2020","0.6878","BERKEMBANG","0.6137","0.6789","0.7708","343"
"118","BERKEMBANG","63","6310","KALIMANTAN SELATAN","KABUPATEN TANAH BUMBU","144","144","2021","0.7010","BERKEMBANG","0.6384","0.6732","0.7914","144","2020","0.6635","BERKEMBANG","0.5920","0.6292","0.7693","144"
"119","BERKEMBANG","15","1509","JAMBI","KABUPATEN TEBO","107","107","2021","0.7006","BERKEMBANG","0.6167","0.6928","0.7924","107","2020","0.6934","BERKEMBANG","0.6109","0.6810","0.7882","107"
"120","BERKEMBANG","63","6306","KALIMANTAN SELATAN","KABUPATEN HULU SUNGAI SELATAN","144","144","2021","0.7004","BERKEMBANG","0.6019","0.7449","0.7545","144","2020","0.6710","BERKEMBANG","0.5837","0.6764","0.7529","144"
"121","BERKEMBANG","13","1301","SUMATERA BARAT","KABUPATEN PESISIR SELATAN","182","182","2021","0.6997","BERKEMBANG","0.6344","0.6993","0.7653","182","2020","0.6715","BERKEMBANG","0.6059","0.6601","0.7484","182"
"122","BERKEMBANG","73","7312","SULAWESI SELATAN","KABUPATEN SOPPENG","49","49","2021","0.6996","BERKEMBANG","0.6242","0.6980","0.7768","49","2020","0.6717","BERKEMBANG","0.6177","0.6299","0.7675","49"
"123","BERKEMBANG","13","1305","SUMATERA BARAT","KABUPATEN PADANG PARIAMAN","103","103","2021","0.6993","BERKEMBANG","0.6123","0.7288","0.7567","103","2020","0.6882","BERKEMBANG","0.6029","0.7113","0.7505","103"
"124","BERKEMBANG","71","7111","SULAWESI UTARA","KABUPATEN BOLAANG MONGONDOW SELATAN","81","81","2021","0.6988","BERKEMBANG","0.6126","0.7301","0.7537","81","2020","0.6830","BERKEMBANG","0.5924","0.7194","0.7373","81"
"124","BERKEMBANG","32","3203","JAWA BARAT","KABUPATEN CIANJUR","354","354","2021","0.6988","BERKEMBANG","0.6237","0.6863","0.7863","354","2020","0.6827","BERKEMBANG","0.6052","0.6689","0.7741","354"
"126","BERKEMBANG","65","6504","KALIMANTAN UTARA","KABUPATEN TANA TIDUNG","32","32","2021","0.6985","BERKEMBANG","0.6281","0.6584","0.8091","32","2020","0.6735","BERKEMBANG","0.5484","0.7000","0.7720","32"
"127","BERKEMBANG","35","3512","JAWA TIMUR","KABUPATEN SITUBONDO","132","132","2021","0.6982","BERKEMBANG","0.6405","0.6737","0.7805","132","2020","0.6904","BERKEMBANG","0.6234","0.6763","0.7714","132"
"128","BERKEMBANG","33","3307","JAWA TENGAH","KABUPATEN WONOSOBO","236","236","2021","0.6980","BERKEMBANG","0.5959","0.7167","0.7814","236","2020","0.6895","BERKEMBANG","0.5833","0.7133","0.7720","236"
"129","BERKEMBANG","19","1903","KEPULAUAN BANGKA BELITUNG","KABUPATEN BANGKA SELATAN","50","50","2021","0.6967","BERKEMBANG","0.6353","0.6587","0.7961","50","2020","0.6871","BERKEMBANG","0.6210","0.6560","0.7843","50"
"130","BERKEMBANG","33","3323","JAWA TENGAH","KABUPATEN TEMANGGUNG","266","266","2021","0.6962","BERKEMBANG","0.6097","0.7065","0.7724","266","2020","0.6860","BERKEMBANG","0.6026","0.6885","0.7669","266"
"131","BERKEMBANG","21","2103","KEPULAUAN RIAU","KABUPATEN NATUNA","70","70","2021","0.6961","BERKEMBANG","0.5688","0.7600","0.7595","70","2020","0.6666","BERKEMBANG","0.5483","0.7114","0.7402","70"
"132","BERKEMBANG","71","7110","SULAWESI UTARA","KABUPATEN BOLAANG MONGONDOW TIMUR","81","81","2021","0.6957","BERKEMBANG","0.5794","0.7531","0.7545","81","2020","0.6470","BERKEMBANG","0.5296","0.6947","0.7167","81"
"133","BERKEMBANG","64","6407","KALIMANTAN TIMUR","KABUPATEN KUTAI BARAT","190","190","2021","0.6953","BERKEMBANG","0.5941","0.7277","0.7640","190","2020","0.6660","BERKEMBANG","0.5577","0.6983","0.7420","190"
"134","BERKEMBANG","33","3308","JAWA TENGAH","KABUPATEN MAGELANG","367","367","2021","0.6952","BERKEMBANG","0.6064","0.7192","0.7601","367","2020","0.6877","BERKEMBANG","0.5976","0.7143","0.7513","367"
"135","BERKEMBANG","35","3528","JAWA TIMUR","KABUPATEN PAMEKASAN","178","178","2021","0.6949","BERKEMBANG","0.6466","0.6701","0.7680","178","2020","0.6805","BERKEMBANG","0.6247","0.6633","0.7536","178"
"136","BERKEMBANG","19","1905","KEPULAUAN BANGKA BELITUNG","KABUPATEN BANGKA BARAT","60","60","2021","0.6948","BERKEMBANG","0.6242","0.6745","0.7858","60","2020","0.6805","BERKEMBANG","0.6083","0.6534","0.7797","60"
"137","BERKEMBANG","33","3313","JAWA TENGAH","KABUPATEN KARANGANYAR","162","162","2021","0.6937","BERKEMBANG","0.6388","0.6366","0.8056","162","2020","0.6919","BERKEMBANG","0.6423","0.6317","0.8019","162"
"138","BERKEMBANG","33","3306","JAWA TENGAH","KABUPATEN PURWOREJO","469","469","2021","0.6934","BERKEMBANG","0.6177","0.7086","0.7538","469","2020","0.6764","BERKEMBANG","0.5964","0.6954","0.7373","469"
"139","BERKEMBANG","81","8103","MALUKU","KABUPATEN MALUKU TENGGARA BARAT","80","80","2021","0.6929","BERKEMBANG","0.5023","0.8067","0.7697","80","2020","0.6638","BERKEMBANG","0.4610","0.7850","0.7454","80"
"140","BERKEMBANG","35","3514","JAWA TIMUR","KABUPATEN PASURUAN","341","341","2021","0.6928","BERKEMBANG","0.6217","0.6723","0.7844","341","2020","0.6789","BERKEMBANG","0.6070","0.6536","0.7761","341"
"141","BERKEMBANG","33","3320","JAWA TENGAH","KABUPATEN JEPARA","184","184","2021","0.6927","BERKEMBANG","0.6329","0.6594","0.7857","184","2020","0.6904","BERKEMBANG","0.6305","0.6598","0.7810","184"
"142","BERKEMBANG","33","3310","JAWA TENGAH","KABUPATEN KLATEN","391","391","2021","0.6925","BERKEMBANG","0.6036","0.6895","0.7844","391","2020","0.6854","BERKEMBANG","0.5958","0.6832","0.7772","391"
"143","BERKEMBANG","17","1706","BENGKULU","KABUPATEN MUKO MUKO","148","148","2021","0.6924","BERKEMBANG","0.5568","0.7352","0.7852","148","2020","0.6820","BERKEMBANG","0.5395","0.7356","0.7710","148"
"144","BERKEMBANG","18","1809","LAMPUNG","KABUPATEN PESAWARAN","144","144","2021","0.6921","BERKEMBANG","0.6043","0.6745","0.7973","144","2020","0.6817","BERKEMBANG","0.5913","0.6699","0.7840","145"
"145","BERKEMBANG","33","3303","JAWA TENGAH","KABUPATEN PURBALINGGA","224","224","2021","0.6919","BERKEMBANG","0.6250","0.6601","0.7905","224","2020","0.6785","BERKEMBANG","0.6090","0.6435","0.7831","224"
"146","BERKEMBANG","32","3205","JAWA BARAT","KABUPATEN GARUT","421","421","2021","0.6917","BERKEMBANG","0.6330","0.6679","0.7742","421","2020","0.6744","BERKEMBANG","0.6133","0.6500","0.7598","421"
"147","BERKEMBANG","18","1801","LAMPUNG","KABUPATEN LAMPUNG SELATAN","256","256","2021","0.6913","BERKEMBANG","0.5937","0.6810","0.7992","256","2020","0.6853","BERKEMBANG","0.5864","0.6784","0.7911","256"
"148","BERKEMBANG","15","1502","JAMBI","KABUPATEN MERANGIN","205","205","2021","0.6908","BERKEMBANG","0.6063","0.6849","0.7814","205","2020","0.6714","BERKEMBANG","0.5866","0.6537","0.7739","205"
"148","BERKEMBANG","61","6104","KALIMANTAN BARAT","KABUPATEN KETAPANG","253","253","2021","0.6908","BERKEMBANG","0.5714","0.7278","0.7731","253","2020","0.6558","BERKEMBANG","0.5430","0.6709","0.7537","253"
"150","BERKEMBANG","33","3321","JAWA TENGAH","KABUPATEN DEMAK","243","243","2021","0.6906","BERKEMBANG","0.5977","0.7023","0.7719","243","2020","0.6427","BERKEMBANG","0.5557","0.6214","0.7510","243"
"151","BERKEMBANG","65","6501","KALIMANTAN UTARA","KABUPATEN BULUNGAN","74","74","2021","0.6897","BERKEMBANG","0.5696","0.7144","0.7849","74","2020","0.6809","BERKEMBANG","0.5615","0.7054","0.7758","74"
"152","BERKEMBANG","33","3317","JAWA TENGAH","KABUPATEN REMBANG","287","287","2021","0.6895","BERKEMBANG","0.6135","0.6941","0.7611","287","2020","0.6770","BERKEMBANG","0.5958","0.6804","0.7549","287"
"153","BERKEMBANG","61","6106","KALIMANTAN BARAT","KABUPATEN KAPUAS HULU","278","278","2021","0.6893","BERKEMBANG","0.5872","0.7079","0.7727","278","2020","0.6597","BERKEMBANG","0.5655","0.6571","0.7564","278"
"154","BERKEMBANG","33","3322","JAWA TENGAH","KABUPATEN SEMARANG","208","208","2021","0.6891","BERKEMBANG","0.6325","0.6308","0.8040","208","2020","0.6817","BERKEMBANG","0.6283","0.6167","0.8001","208"
"155","BERKEMBANG","11","1173","ACEH","KOTA LHOKSEUMAWE","68","68","2021","0.6881","BERKEMBANG","0.5882","0.7255","0.7505","68","2020","0.6881","BERKEMBANG","0.5882","0.7255","0.7505","68"
"156","BERKEMBANG","35","3502","JAWA TIMUR","KABUPATEN PONOROGO","281","281","2021","0.6879","BERKEMBANG","0.6423","0.6562","0.7652","281","2020","0.6688","BERKEMBANG","0.6206","0.6408","0.7449","281"
"157","BERKEMBANG","62","6211","KALIMANTAN TENGAH","KABUPATEN PULANG PISAU","95","95","2021","0.6878","BERKEMBANG","0.5791","0.7144","0.7699","95","2020","0.6526","BERKEMBANG","0.4896","0.7270","0.7411","95"
"158","BERKEMBANG","15","1508","JAMBI","KABUPATEN BUNGO","141","141","2021","0.6865","BERKEMBANG","0.6169","0.6809","0.7616","141","2020","0.6658","BERKEMBANG","0.6002","0.6487","0.7485","141"
"159","BERKEMBANG","33","3305","JAWA TENGAH","KABUPATEN KEBUMEN","449","449","2021","0.6861","BERKEMBANG","0.6117","0.6797","0.7668","449","2020","0.6709","BERKEMBANG","0.5999","0.6579","0.7550","449"
"160","BERKEMBANG","21","2101","KEPULAUAN RIAU","KABUPATEN BINTAN","36","36","2021","0.6852","BERKEMBANG","0.5981","0.6519","0.8057","36","2020","0.6866","BERKEMBANG","0.5995","0.6593","0.8010","36"
"161","BERKEMBANG","52","5204","NUSA TENGGARA BARAT","KABUPATEN SUMBAWA","157","157","2021","0.6846","BERKEMBANG","0.5859","0.6790","0.7891","157","2020","0.6774","BERKEMBANG","0.5758","0.6718","0.7845","157"
"162","BERKEMBANG","19","1901","KEPULAUAN BANGKA BELITUNG","KABUPATEN BANGKA","62","62","2021","0.6842","BERKEMBANG","0.6124","0.6635","0.7767","62","2020","0.6710","BERKEMBANG","0.5984","0.6463","0.7684","62"
"163","BERKEMBANG","63","6301","KALIMANTAN SELATAN","KABUPATEN TANAH LAUT","130","130","2021","0.6838","BERKEMBANG","0.6191","0.6405","0.7917","130","2020","0.6696","BERKEMBANG","0.5923","0.6405","0.7760","130"
"164","BERKEMBANG","71","7109","SULAWESI UTARA","KABUPATEN KEP. SIAU TAGULANDANG BIARO","83","83","2021","0.6837","BERKEMBANG","0.5283","0.7968","0.7261","83","2020","0.6779","BERKEMBANG","0.5213","0.7944","0.7181","83"
"164","BERKEMBANG","72","7201","SULAWESI TENGAH","KABUPATEN BANGGAI","291","291","2021","0.6837","BERKEMBANG","0.5767","0.6935","0.7809","291","2020","0.6733","BERKEMBANG","0.5653","0.6811","0.7735","291"
"166","BERKEMBANG","32","3215","JAWA BARAT","KABUPATEN KARAWANG","297","297","2021","0.6835","BERKEMBANG","0.6388","0.6265","0.7851","297","2020","0.6722","BERKEMBANG","0.6274","0.6137","0.7756","297"
"167","BERKEMBANG","62","6209","KALIMANTAN TENGAH","KABUPATEN LAMANDAU","85","85","2021","0.6833","BERKEMBANG","0.5182","0.7561","0.7755","85","2020","0.6570","BERKEMBANG","0.4910","0.7310","0.7491","85"
"168","BERKEMBANG","32","3206","JAWA BARAT","KABUPATEN TASIKMALAYA","351","351","2021","0.6830","BERKEMBANG","0.6168","0.6650","0.7671","351","2020","0.6689","BERKEMBANG","0.6031","0.6507","0.7527","351"
"169","BERKEMBANG","62","6202","KALIMANTAN TENGAH","KABUPATEN KOTAWARINGIN TIMUR","168","168","2021","0.6826","BERKEMBANG","0.5012","0.8175","0.7291","168","2020","0.5894","TERTINGGAL","0.4558","0.6155","0.6971","168"
"170","BERKEMBANG","63","6305","KALIMANTAN SELATAN","KABUPATEN TAPIN","126","126","2021","0.6823","BERKEMBANG","0.6058","0.6799","0.7610","126","2020","0.6543","BERKEMBANG","0.5775","0.6482","0.7371","126"
"171","BERKEMBANG","52","5205","NUSA TENGGARA BARAT","KABUPATEN DOMPU","72","72","2021","0.6822","BERKEMBANG","0.6014","0.6611","0.7841","72","2020","0.6797","BERKEMBANG","0.5991","0.6602","0.7798","72"
"172","BERKEMBANG","36","3603","BANTEN","KABUPATEN TANGERANG","246","246","2021","0.6820","BERKEMBANG","0.6329","0.6038","0.8093","246","2020","0.6804","BERKEMBANG","0.6312","0.6022","0.8079","246"
"173","BERKEMBANG","63","6309","KALIMANTAN SELATAN","KABUPATEN TABALONG","121","121","2021","0.6811","BERKEMBANG","0.5935","0.6584","0.7913","121","2020","0.6607","BERKEMBANG","0.5767","0.6364","0.7691","121"
"174","BERKEMBANG","16","1605","SUMATERA SELATAN","KABUPATEN MUSI RAWAS","186","186","2021","0.6805","BERKEMBANG","0.6031","0.6448","0.7935","186","2020","0.6760","BERKEMBANG","0.5969","0.6409","0.7904","186"
"175","BERKEMBANG","71","7104","SULAWESI UTARA","KABUPATEN KEPULAUAN TALAUD","142","142","2021","0.6801","BERKEMBANG","0.5147","0.8089","0.7168","142","2020","0.6727","BERKEMBANG","0.5014","0.8056","0.7109","142"
"176","BERKEMBANG","73","7304","SULAWESI SELATAN","KABUPATEN JENEPONTO","82","82","2021","0.6792","BERKEMBANG","0.6441","0.6358","0.7578","82","2020","0.6504","BERKEMBANG","0.6161","0.6089","0.7263","82"
"177","BERKEMBANG","73","7309","SULAWESI SELATAN","KABUPATEN MAROS","80","80","2021","0.6787","BERKEMBANG","0.6294","0.6300","0.7767","80","2020","0.6635","BERKEMBANG","0.6187","0.6100","0.7618","80"
"178","BERKEMBANG","21","2102","KEPULAUAN RIAU","KABUPATEN KARIMUN","42","42","2021","0.6781","BERKEMBANG","0.5627","0.6937","0.7781","42","2020","0.6697","BERKEMBANG","0.5504","0.6937","0.7652","42"
"179","BERKEMBANG","72","7208","SULAWESI TENGAH","KABUPATEN PARIGI MOUTONG","278","278","2021","0.6779","BERKEMBANG","0.5860","0.6722","0.7755","278","2020","0.6668","BERKEMBANG","0.5694","0.6662","0.7649","278"
"180","BERKEMBANG","73","7322","SULAWESI SELATAN","KABUPATEN LUWU UTARA","166","166","2021","0.6776","BERKEMBANG","0.5587","0.7008","0.7734","166","2020","0.6532","BERKEMBANG","0.5386","0.6659","0.7552","166"
"181","BERKEMBANG","75","7502","GORONTALO","KABUPATEN BOALEMO","82","82","2021","0.6772","BERKEMBANG","0.5815","0.6927","0.7575","82","2020","0.6648","BERKEMBANG","0.5663","0.6862","0.7419","82"
"182","BERKEMBANG","33","3315","JAWA TENGAH","KABUPATEN GROBOGAN","273","273","2021","0.6770","BERKEMBANG","0.6219","0.6342","0.7750","273","2020","0.6693","BERKEMBANG","0.6096","0.6315","0.7668","273"
"183","BERKEMBANG","73","7308","SULAWESI SELATAN","KABUPATEN BONE","328","328","2021","0.6769","BERKEMBANG","0.6013","0.6836","0.7459","328","2020","0.6457","BERKEMBANG","0.5690","0.6445","0.7235","328"
"184","BERKEMBANG","33","3325","JAWA TENGAH","KABUPATEN BATANG","239","239","2021","0.6766","BERKEMBANG","0.6053","0.6513","0.7731","239","2020","0.6705","BERKEMBANG","0.5960","0.6480","0.7675","239"
"185","BERKEMBANG","14","1402","RIAU","KABUPATEN INDRAGIRI HULU","178","178","2021","0.6753","BERKEMBANG","0.5794","0.6745","0.7721","178","2020","0.6647","BERKEMBANG","0.5684","0.6618","0.7639","178"
"186","BERKEMBANG","17","1703","BENGKULU","KABUPATEN BENGKULU UTARA","215","215","2021","0.6749","BERKEMBANG","0.5371","0.7262","0.7612","215","2020","0.6627","BERKEMBANG","0.5205","0.7172","0.7504","215"
"186","BERKEMBANG","17","1701","BENGKULU","KABUPATEN BENGKULU SELATAN","142","142","2021","0.6749","BERKEMBANG","0.5675","0.7277","0.7296","142","2020","0.6575","BERKEMBANG","0.5556","0.6972","0.7198","142"
"188","BERKEMBANG","91","9171","PAPUA","KOTA JAYAPURA","14","14","2021","0.6745","BERKEMBANG","0.5262","0.7381","0.7592","14",null
"189","BERKEMBANG","18","1811","LAMPUNG","KABUPATEN MESUJI","105","105","2021","0.6744","BERKEMBANG","0.5783","0.6540","0.7911","105","2020","0.6596","BERKEMBANG","0.5719","0.6330","0.7739","105"
"190","BERKEMBANG","71","7101","SULAWESI UTARA","KABUPATEN BOLAANG MONGONDOW","200","200","2021","0.6743","BERKEMBANG","0.6177","0.6490","0.7562","200","2020","0.6672","BERKEMBANG","0.6091","0.6447","0.7479","200"
"191","BERKEMBANG","16","1606","SUMATERA SELATAN","KABUPATEN MUSI BANYUASIN","227","227","2021","0.6739","BERKEMBANG","0.5699","0.6834","0.7684","227","2020","0.6598","BERKEMBANG","0.5591","0.6646","0.7556","227"
"191","BERKEMBANG","18","1812","LAMPUNG","KABUPATEN TULANG BAWANG BARAT","93","93","2021","0.6739","BERKEMBANG","0.5584","0.6595","0.8039","93","2020","0.6594","BERKEMBANG","0.5396","0.6452","0.7933","93"
"191","BERKEMBANG","62","6205","KALIMANTAN TENGAH","KABUPATEN BARITO UTARA","93","93","2021","0.6739","BERKEMBANG","0.5086","0.7685","0.7447","93","2020","0.6367","BERKEMBANG","0.4824","0.7040","0.7237","93"
"194","BERKEMBANG","72","7203","SULAWESI TENGAH","KABUPATEN DONGGALA","158","158","2021","0.6735","BERKEMBANG","0.5465","0.7380","0.7361","158","2020","0.6604","BERKEMBANG","0.5319","0.7232","0.7263","158"
"195","BERKEMBANG","11","1174","ACEH","KOTA LANGSA","66","66","2021","0.6733","BERKEMBANG","0.5737","0.6495","0.7967","66","2020","0.6708","BERKEMBANG","0.5692","0.6536","0.7898","66"
"196","BERKEMBANG","61","6107","KALIMANTAN BARAT","KABUPATEN BENGKAYANG","122","122","2021","0.6732","BERKEMBANG","0.5546","0.6880","0.7770","122","2020","0.6516","BERKEMBANG","0.5352","0.6585","0.7610","122"
"197","BERKEMBANG","73","7324","SULAWESI SELATAN","KABUPATEN LUWU TIMUR","124","123","2021","0.6727","BERKEMBANG","0.5877","0.6369","0.7935","123","2020","0.6562","BERKEMBANG","0.5764","0.6125","0.7798","123"
"198","BERKEMBANG","16","1608","SUMATERA SELATAN","KABUPATEN OGAN KOMERING ULU TIMUR","305","305","2021","0.6725","BERKEMBANG","0.5775","0.6623","0.7778","305","2020","0.6554","BERKEMBANG","0.5544","0.6534","0.7585","305"
"199","BERKEMBANG","16","1603","SUMATERA SELATAN","KABUPATEN MUARA ENIM","245","245","2021","0.6722","BERKEMBANG","0.5927","0.6618","0.7621","245","2020","0.6662","BERKEMBANG","0.5850","0.6588","0.7549","245"
"200","BERKEMBANG","13","1302","SUMATERA BARAT","KABUPATEN SOLOK","74","74","2021","0.6720","BERKEMBANG","0.6295","0.6306","0.7558","74","2020","0.6542","BERKEMBANG","0.6101","0.6090","0.7436","74"
"201","BERKEMBANG","14","1406","RIAU","KABUPATEN ROKAN HULU","139","139","2021","0.6719","BERKEMBANG","0.5981","0.6283","0.7892","139","2020","0.6645","BERKEMBANG","0.5897","0.6226","0.7814","139"
"202","BERKEMBANG","73","7313","SULAWESI SELATAN","KABUPATEN WAJO","142","142","2021","0.6712","BERKEMBANG","0.6130","0.6620","0.7386","142","2020","0.6621","BERKEMBANG","0.6001","0.6545","0.7318","142"
"202","BERKEMBANG","18","1806","LAMPUNG","KABUPATEN TANGGAMUS","299","299","2021","0.6712","BERKEMBANG","0.5682","0.6912","0.7542","299","2020","0.6583","BERKEMBANG","0.5487","0.6841","0.7422","299"
"204","BERKEMBANG","35","3529","JAWA TIMUR","KABUPATEN SUMENEP","330","322","2021","0.6711","BERKEMBANG","0.6042","0.6692","0.7399","322","2020","0.6647","BERKEMBANG","0.5932","0.6679","0.7329","330"
"205","BERKEMBANG","73","7305","SULAWESI SELATAN","KABUPATEN TAKALAR","76","76","2021","0.6710","BERKEMBANG","0.6022","0.6351","0.7757","76","2020","0.6619","BERKEMBANG","0.5866","0.6333","0.7657","76"
"206","BERKEMBANG","33","3329","JAWA TENGAH","KABUPATEN BREBES","292","292","2021","0.6708","BERKEMBANG","0.6049","0.6354","0.7721","292","2020","0.6661","BERKEMBANG","0.6003","0.6331","0.7650","292"
"207","BERKEMBANG","33","3304","JAWA TENGAH","KABUPATEN BANJARNEGARA","266","266","2021","0.6707","BERKEMBANG","0.5994","0.6617","0.7510","266","2020","0.6651","BERKEMBANG","0.5877","0.6637","0.7440","266"
"208","BERKEMBANG","73","7310","SULAWESI SELATAN","KABUPATEN PANGKAJENE KEPULAUAN","65","65","2021","0.6705","BERKEMBANG","0.5641","0.6554","0.7919","65","2020","0.6565","BERKEMBANG","0.5454","0.6472","0.7771","65"
"209","BERKEMBANG","15","1503","JAMBI","KABUPATEN SAROLANGUN","149","149","2021","0.6701","BERKEMBANG","0.5752","0.6524","0.7829","149","2020","0.6508","BERKEMBANG","0.5562","0.6318","0.7643","149"
"210","BERKEMBANG","12","1219","SUMATERA UTARA","KABUPATEN BATU BARA","141","141","2021","0.6699","BERKEMBANG","0.5558","0.6738","0.7801","141","2020","0.6563","BERKEMBANG","0.5356","0.6634","0.7701","141"
"211","BERKEMBANG","12","1277","SUMATERA UTARA","KOTA PADANGSIDIMPUAN","42","42","2021","0.6698","BERKEMBANG","0.6044","0.6445","0.7607","42","2020","0.6630","BERKEMBANG","0.5944","0.6381","0.7563","42"
"212","BERKEMBANG","74","7401","SULAWESI TENGGARA","KABUPATEN KOLAKA","100","100","2021","0.6694","BERKEMBANG","0.5767","0.6500","0.7814","100","2020","0.6454","BERKEMBANG","0.5478","0.6220","0.7663","100"
"213","BERKEMBANG","61","6105","KALIMANTAN BARAT","KABUPATEN SINTANG","390","390","2021","0.6693","BERKEMBANG","0.5134","0.7535","0.7410","390","2020","0.6371","BERKEMBANG","0.4883","0.7075","0.7154","390"
"214","BERKEMBANG","18","1805","LAMPUNG","KABUPATEN TULANG BAWANG","147","147","2021","0.6690","BERKEMBANG","0.5713","0.6422","0.7935","147","2020","0.6536","BERKEMBANG","0.5493","0.6331","0.7783","147"
"215","BERKEMBANG","62","6213","KALIMANTAN TENGAH","KABUPATEN BARITO TIMUR","101","101","2021","0.6686","BERKEMBANG","0.5726","0.6693","0.7640","101","2020","0.6535","BERKEMBANG","0.5495","0.6654","0.7455","101"
"216","BERKEMBANG","63","6311","KALIMANTAN SELATAN","KABUPATEN BALANGAN","154","154","2021","0.6674","BERKEMBANG","0.5632","0.6610","0.7780","154","2020","0.6395","BERKEMBANG","0.5358","0.6290","0.7536","154"
"217","BERKEMBANG","12","1222","SUMATERA UTARA","KABUPATEN LABUHANBATU SELATAN","52","52","2021","0.6670","BERKEMBANG","0.5891","0.6192","0.7928","52","2020","0.6550","BERKEMBANG","0.5657","0.6192","0.7801","52"
"218","BERKEMBANG","33","3326","JAWA TENGAH","KABUPATEN PEKALONGAN","272","272","2021","0.6668","BERKEMBANG","0.6118","0.6299","0.7587","272","2020","0.6601","BERKEMBANG","0.5972","0.6324","0.7507","272"
"219","BERKEMBANG","15","1506","JAMBI","KABUPATEN TANJUNG JABUNG BARAT","114","114","2021","0.6663","BERKEMBANG","0.5846","0.6462","0.7681","114","2020","0.6456","BERKEMBANG","0.5610","0.6216","0.7542","114"
"220","BERKEMBANG","35","3527","JAWA TIMUR","KABUPATEN SAMPANG","180","180","2021","0.6658","BERKEMBANG","0.5740","0.6800","0.7433","180","2020","0.6630","BERKEMBANG","0.5725","0.6767","0.7397","180"
"221","BERKEMBANG","81","8101","MALUKU","KABUPATEN MALUKU TENGAH","186","186","2021","0.6656","BERKEMBANG","0.5239","0.7412","0.7316","186","2020","0.6535","BERKEMBANG","0.5131","0.7255","0.7220","186"
"222","BERKEMBANG","63","6302","KALIMANTAN SELATAN","KABUPATEN KOTABARU","198","198","2021","0.6653","BERKEMBANG","0.5623","0.6758","0.7577","198","2020","0.6489","BERKEMBANG","0.5417","0.6589","0.7460","198"
"222","BERKEMBANG","14","1407","RIAU","KABUPATEN ROKAN HILIR","159","159","2021","0.6653","BERKEMBANG","0.6082","0.5958","0.7919","159","2020","0.6562","BERKEMBANG","0.5992","0.5824","0.7870","159"
"224","BERKEMBANG","63","6308","KALIMANTAN SELATAN","KABUPATEN HULU SUNGAI UTARA","214","214","2021","0.6649","BERKEMBANG","0.5623","0.6944","0.7379","214","2020","0.6173","BERKEMBANG","0.5200","0.6053","0.7267","214"
"225","BERKEMBANG","18","1807","LAMPUNG","KABUPATEN LAMPUNG TIMUR","264","264","2021","0.6648","BERKEMBANG","0.5737","0.6301","0.7907","264","2020","0.6556","BERKEMBANG","0.5602","0.6240","0.7827","264"
"226","BERKEMBANG","61","6110","KALIMANTAN BARAT","KABUPATEN MELAWI","169","169","2021","0.6641","BERKEMBANG","0.5114","0.7093","0.7715","169","2020","0.6098","BERKEMBANG","0.4602","0.6422","0.7271","169"
"227","BERKEMBANG","71","7105","SULAWESI UTARA","KABUPATEN MINAHASA SELATAN","167","167","2021","0.6633","BERKEMBANG","0.5909","0.6731","0.7258","167","2020","0.6447","BERKEMBANG","0.5639","0.6687","0.7016","167"
"228","BERKEMBANG","81","8106","MALUKU","KABUPATEN SERAM BAGIAN BARAT","92","92","2021","0.6629","BERKEMBANG","0.5205","0.7478","0.7204","92","2020","0.6336","BERKEMBANG","0.4781","0.7362","0.6866","92"
"229","BERKEMBANG","11","1114","ACEH","KABUPATEN ACEH JAYA","172","172","2021","0.6627","BERKEMBANG","0.5444","0.7349","0.7087","172","2020","0.6393","BERKEMBANG","0.5141","0.7101","0.6938","172"
"230","BERKEMBANG","33","3328","JAWA TENGAH","KABUPATEN TEGAL","281","281","2021","0.6624","BERKEMBANG","0.6270","0.5979","0.7624","281","2020","0.6541","BERKEMBANG","0.6140","0.5943","0.7541","281"
"231","BERKEMBANG","21","2105","KEPULAUAN RIAU","KABUPATEN KEPULAUAN ANAMBAS","52","52","2021","0.6623","BERKEMBANG","0.5388","0.7052","0.7431","52","2020","0.6517","BERKEMBANG","0.5288","0.6923","0.7340","52"
"232","BERKEMBANG","35","3526","JAWA TIMUR","KABUPATEN BANGKALAN","273","273","2021","0.6621","BERKEMBANG","0.6130","0.6638","0.7096","273","2020","0.6545","BERKEMBANG","0.6026","0.6579","0.7029","273"
"233","BERKEMBANG","75","7501","GORONTALO","KABUPATEN GORONTALO","191","191","2021","0.6615","BERKEMBANG","0.5603","0.6698","0.7545","191","2020","0.6518","BERKEMBANG","0.5456","0.6670","0.7427","191"
"234","BERKEMBANG","14","1409","RIAU","KABUPATEN KUANTAN SINGINGI","218","218","2021","0.6610","BERKEMBANG","0.5811","0.6648","0.7370","218","2020","0.6331","BERKEMBANG","0.5588","0.6190","0.7214","218"
"235","BERKEMBANG","12","1207","SUMATERA UTARA","KABUPATEN DELI SERDANG","380","380","2021","0.6606","BERKEMBANG","0.5743","0.6490","0.7586","380","2020","0.6572","BERKEMBANG","0.5652","0.6530","0.7534","380"
"236","BERKEMBANG","12","1210","SUMATERA UTARA","KABUPATEN LABUHANBATU","75","75","2021","0.6605","BERKEMBANG","0.5573","0.6329","0.7912","75","2020","0.6524","BERKEMBANG","0.5476","0.6285","0.7813","75"
"237","BERKEMBANG","75","7504","GORONTALO","KABUPATEN PAHUWATO","101","101","2021","0.6599","BERKEMBANG","0.5611","0.6746","0.7442","101","2020","0.6545","BERKEMBANG","0.5536","0.6713","0.7387","101"
"237","BERKEMBANG","63","6304","KALIMANTAN SELATAN","KABUPATEN BARITO KUALA","195","195","2021","0.6599","BERKEMBANG","0.5672","0.6660","0.7466","195","2020","0.6411","BERKEMBANG","0.5451","0.6407","0.7375","195"
"239","BERKEMBANG","12","1218","SUMATERA UTARA","KABUPATEN SERDANG BEDAGAI","237","237","2021","0.6598","BERKEMBANG","0.5489","0.6574","0.7730","237","2020","0.6534","BERKEMBANG","0.5371","0.6546","0.7686","237"
"240","BERKEMBANG","36","3604","BANTEN","KABUPATEN SERANG","326","326","2021","0.6590","BERKEMBANG","0.5766","0.6464","0.7541","326","2020","0.6560","BERKEMBANG","0.5717","0.6436","0.7529","326"
"240","BERKEMBANG","16","1602","SUMATERA SELATAN","KABUPATEN OGAN KOMERING ILIR","314","314","2021","0.6590","BERKEMBANG","0.5887","0.6531","0.7352","314","2020","0.6561","BERKEMBANG","0.5853","0.6510","0.7321","314"
"242","BERKEMBANG","75","7505","GORONTALO","KABUPATEN GORONTALO UTARA","123","123","2021","0.6588","BERKEMBANG","0.5844","0.6482","0.7439","123","2020","0.6437","BERKEMBANG","0.5631","0.6407","0.7273","123"
"243","BERKEMBANG","74","7404","SULAWESI TENGGARA","KABUPATEN BUTON","83","83","2021","0.6575","BERKEMBANG","0.5713","0.6579","0.7434","83","2020","0.6381","BERKEMBANG","0.5378","0.6522","0.7245","83"
"244","BERKEMBANG","72","7205","SULAWESI TENGAH","KABUPATEN BUOL","108","108","2021","0.6574","BERKEMBANG","0.5495","0.6667","0.7561","108","2020","0.6406","BERKEMBANG","0.5377","0.6383","0.7459","108"
"245","BERKEMBANG","14","1401","RIAU","KABUPATEN KAMPAR","242","242","2021","0.6565","BERKEMBANG","0.5681","0.6391","0.7624","242","2020","0.6499","BERKEMBANG","0.5615","0.6350","0.7532","242"
"246","BERKEMBANG","18","1808","LAMPUNG","KABUPATEN WAY KANAN","221","221","2021","0.6558","BERKEMBANG","0.5517","0.6429","0.7729","221","2020","0.6490","BERKEMBANG","0.5416","0.6395","0.7657","221"
"247","BERKEMBANG","16","1607","SUMATERA SELATAN","KABUPATEN BANYUASIN","288","288","2021","0.6554","BERKEMBANG","0.5648","0.6433","0.7581","288","2020","0.6494","BERKEMBANG","0.5554","0.6410","0.7517","288"
"248","BERKEMBANG","11","1106","ACEH","KABUPATEN ACEH BESAR","604","604","2021","0.6553","BERKEMBANG","0.5441","0.7066","0.7151","604","2020","0.6480","BERKEMBANG","0.5357","0.7021","0.7063","603"
"249","BERKEMBANG","12","1205","SUMATERA UTARA","KABUPATEN LANGKAT","240","240","2021","0.6550","BERKEMBANG","0.5483","0.6525","0.7642","240","2020","0.6511","BERKEMBANG","0.5445","0.6500","0.7588","240"
"250","BERKEMBANG","16","1674","SUMATERA SELATAN","KOTA PRABUMULIH","12","12","2021","0.6543","BERKEMBANG","0.5667","0.6445","0.7519","12","2020","0.6392","BERKEMBANG","0.5639","0.6056","0.7481","12"
"251","BERKEMBANG","74","7406","SULAWESI TENGGARA","KABUPATEN BOMBANA","121","121","2021","0.6541","BERKEMBANG","0.5493","0.6716","0.7413","121","2020","0.6397","BERKEMBANG","0.5287","0.6645","0.7259","121"
"252","BERKEMBANG","33","3316","JAWA TENGAH","KABUPATEN BLORA","271","271","2021","0.6539","BERKEMBANG","0.5504","0.6625","0.7489","271","2020","0.6510","BERKEMBANG","0.5455","0.6608","0.7467","271"
"253","BERKEMBANG","73","7315","SULAWESI SELATAN","KABUPATEN PINRANG","69","69","2021","0.6535","BERKEMBANG","0.5872","0.6261","0.7472","69","2020","0.6365","BERKEMBANG","0.5662","0.6193","0.7239","69"
"253","BERKEMBANG","65","6502","KALIMANTAN UTARA","KABUPATEN MALINAU","109","109","2021","0.6535","BERKEMBANG","0.5084","0.7034","0.7486","109","2020","0.6333","BERKEMBANG","0.4924","0.6703","0.7373","109"
"255","BERKEMBANG","11","1116","ACEH","KABUPATEN ACEH TAMIANG","213","213","2021","0.6533","BERKEMBANG","0.5319","0.6795","0.7486","213","2020","0.6395","BERKEMBANG","0.5144","0.6657","0.7385","213"
"255","BERKEMBANG","53","5306","NUSA TENGGARA TIMUR","KABUPATEN FLORES TIMUR","229","229","2021","0.6533","BERKEMBANG","0.5240","0.6938","0.7420","229","2020","0.6409","BERKEMBANG","0.5000","0.6938","0.7291","229"
"257","BERKEMBANG","15","1501","JAMBI","KABUPATEN KERINCI","285","285","2021","0.6526","BERKEMBANG","0.5838","0.6569","0.7173","285","2020","0.6513","BERKEMBANG","0.5787","0.6615","0.7137","285"
"258","BERKEMBANG","62","6204","KALIMANTAN TENGAH","KABUPATEN BARITO SELATAN","86","86","2021","0.6522","BERKEMBANG","0.5265","0.6705","0.7595","86","2020","0.6298","BERKEMBANG","0.4804","0.6705","0.7383","86"
"259","BERKEMBANG","17","1708","BENGKULU","KABUPATEN KEPAHIANG","105","105","2021","0.6518","BERKEMBANG","0.5560","0.6794","0.7199","105","2020","0.6440","BERKEMBANG","0.5479","0.6692","0.7148","105"
"260","BERKEMBANG","13","1309","SUMATERA BARAT","KABUPATEN KEPULAUAN MENTAWAI","43","43","2021","0.6505","BERKEMBANG","0.4508","0.7612","0.7395","43","2020","0.6344","BERKEMBANG","0.4434","0.7349","0.7249","43"
"260","BERKEMBANG","71","7108","SULAWESI UTARA","KABUPATEN BOLAANG MONGONDOW UTARA","106","106","2021","0.6505","BERKEMBANG","0.5788","0.6371","0.7356","106","2020","0.6434","BERKEMBANG","0.5764","0.6289","0.7249","106"
"262","BERKEMBANG","17","1704","BENGKULU","KABUPATEN KAUR","192","192","2021","0.6504","BERKEMBANG","0.5531","0.7212","0.6769","192","2020","0.6341","BERKEMBANG","0.5234","0.7104","0.6685","192"
"263","BERKEMBANG","16","1613","SUMATERA SELATAN","KABUPATEN MUSI RAWAS UTARA","82","82","2021","0.6497","BERKEMBANG","0.5488","0.6968","0.7036","82","2020","0.6438","BERKEMBANG","0.5455","0.6854","0.7006","82"
"264","BERKEMBANG","82","8272","MALUKU UTARA","KOTA TIDORE KEPULAUAN","49","49","2021","0.6496","BERKEMBANG","0.5177","0.7157","0.7153","49","2020","0.6434","BERKEMBANG","0.5041","0.7143","0.7117","49"
"265","BERKEMBANG","82","8207","MALUKU UTARA","KABUPATEN PULAU MOROTAI","88","88","2021","0.6495","BERKEMBANG","0.5250","0.6993","0.7243","88","2020","0.6347","BERKEMBANG","0.5002","0.6879","0.7162","88"
"266","BERKEMBANG","12","1208","SUMATERA UTARA","KABUPATEN SIMALUNGUN","386","386","2021","0.6489","BERKEMBANG","0.5664","0.6532","0.7270","386","2020","0.6452","BERKEMBANG","0.5575","0.6541","0.7240","386"
"267","BERKEMBANG","72","7202","SULAWESI TENGAH","KABUPATEN POSO","142","142","2021","0.6487","BERKEMBANG","0.5330","0.6376","0.7757","142","2020","0.6356","BERKEMBANG","0.5059","0.6362","0.7647","142"
"268","BERKEMBANG","12","1215","SUMATERA UTARA","KABUPATEN PAKPAK BHARAT","52","52","2021","0.6481","BERKEMBANG","0.5398","0.6731","0.7314","52","2020","0.6449","BERKEMBANG","0.5224","0.6757","0.7365","52"
"269","BERKEMBANG","62","6207","KALIMANTAN TENGAH","KABUPATEN SERUYAN","97","97","2021","0.6476","BERKEMBANG","0.5550","0.6261","0.7617","97","2020","0.6190","BERKEMBANG","0.4950","0.6186","0.7433","97"
"270","BERKEMBANG","17","1702","BENGKULU","KABUPATEN REJANG LEBONG","122","122","2021","0.6461","BERKEMBANG","0.5434","0.6874","0.7074","122","2020","0.6212","BERKEMBANG","0.5262","0.6481","0.6892","122"
"271","BERKEMBANG","72","7204","SULAWESI TENGAH","KABUPATEN TOLI TOLI","103","103","2021","0.6458","BERKEMBANG","0.5597","0.6214","0.7562","103","2020","0.6247","BERKEMBANG","0.5367","0.6007","0.7367","103"
"271","BERKEMBANG","18","1803","LAMPUNG","KABUPATEN LAMPUNG UTARA","232","232","2021","0.6458","BERKEMBANG","0.5404","0.6546","0.7424","232","2020","0.6342","BERKEMBANG","0.5180","0.6515","0.7333","232"
"273","BERKEMBANG","63","6303","KALIMANTAN SELATAN","KABUPATEN BANJAR","277","277","2021","0.6451","BERKEMBANG","0.5562","0.6549","0.7242","277","2020","0.6337","BERKEMBANG","0.5448","0.6428","0.7135","277"
"274","BERKEMBANG","12","1209","SUMATERA UTARA","KABUPATEN ASAHAN","177","177","2021","0.6447","BERKEMBANG","0.5396","0.6445","0.7501","177","2020","0.6454","BERKEMBANG","0.5403","0.6456","0.7502","177"
"275","BERKEMBANG","12","1206","SUMATERA UTARA","KABUPATEN KARO","259","259","2021","0.6446","BERKEMBANG","0.5473","0.6739","0.7127","259","2020","0.6423","BERKEMBANG","0.5423","0.6749","0.7098","259"
"276","BERKEMBANG","74","7407","SULAWESI TENGGARA","KABUPATEN WAKATOBI","75","75","2021","0.6440","BERKEMBANG","0.5069","0.6560","0.7692","75","2020","0.6366","BERKEMBANG","0.4887","0.6578","0.7633","75"
"277","BERKEMBANG","71","7103","SULAWESI UTARA","KABUPATEN KEPULAUAN SANGIHE","145","145","2021","0.6437","BERKEMBANG","0.5207","0.6814","0.7291","145","2020","0.6321","BERKEMBANG","0.5064","0.6699","0.7198","145"
"278","BERKEMBANG","18","1813","LAMPUNG","KABUPATEN PESISIR BARAT","116","116","2021","0.6436","BERKEMBANG","0.4807","0.7506","0.6996","116","2020","0.6100","BERKEMBANG","0.4595","0.6868","0.6837","116"
"279","BERKEMBANG","73","7316","SULAWESI SELATAN","KABUPATEN ENREKANG","112","112","2021","0.6431","BERKEMBANG","0.5549","0.6441","0.7302","112","2020","0.6324","BERKEMBANG","0.5436","0.6280","0.7257","112"
"280","BERKEMBANG","11","1112","ACEH","KABUPATEN ACEH BARAT DAYA","152","152","2021","0.6427","BERKEMBANG","0.5627","0.6355","0.7300","152","2020","0.6363","BERKEMBANG","0.5544","0.6338","0.7209","152"
"281","BERKEMBANG","16","1610","SUMATERA SELATAN","KABUPATEN OGAN ILIR","227","227","2021","0.6419","BERKEMBANG","0.5623","0.6417","0.7217","227","2020","0.6327","BERKEMBANG","0.5543","0.6303","0.7137","227"
"282","BERKEMBANG","61","6108","KALIMANTAN BARAT","KABUPATEN LANDAK","156","156","2021","0.6410","BERKEMBANG","0.5347","0.6509","0.7373","156","2020","0.5802","TERTINGGAL","0.4654","0.5774","0.6978","156"
"283","BERKEMBANG","17","1705","BENGKULU","KABUPATEN SELUMA","182","182","2021","0.6404","BERKEMBANG","0.5243","0.6953","0.7018","182","2020","0.6235","BERKEMBANG","0.5025","0.6773","0.6909","182"
"284","BERKEMBANG","11","1103","ACEH","KABUPATEN ACEH TIMUR","513","513","2021","0.6389","BERKEMBANG","0.5431","0.6497","0.7240","513","2020","0.6376","BERKEMBANG","0.5398","0.6504","0.7225","513"
"285","BERKEMBANG","15","1507","JAMBI","KABUPATEN TANJUNG JABUNG TIMUR","73","73","2021","0.6378","BERKEMBANG","0.5151","0.6484","0.7501","73","2020","0.6267","BERKEMBANG","0.4954","0.6411","0.7436","73"
"286","BERKEMBANG","11","1117","ACEH","KABUPATEN BENER MERIAH","232","232","2021","0.6374","BERKEMBANG","0.5270","0.6471","0.7381","232","2020","0.6248","BERKEMBANG","0.5169","0.6293","0.7283","232"
"287","BERKEMBANG","53","5309","NUSA TENGGARA TIMUR","KABUPATEN NGADA","135","135","2021","0.6373","BERKEMBANG","0.5373","0.6642","0.7106","135","2020","0.6218","BERKEMBANG","0.5190","0.6548","0.6916","135"
"288","BERKEMBANG","76","7602","SULAWESI BARAT","KABUPATEN MAMUJU","88","88","2021","0.6358","BERKEMBANG","0.5341","0.6326","0.7408","88","2020","0.6110","BERKEMBANG","0.5188","0.5970","0.7173","88"
"289","BERKEMBANG","12","1203","SUMATERA UTARA","KABUPATEN TAPANULI SELATAN","211","211","2021","0.6357","BERKEMBANG","0.5387","0.6613","0.7071","211","2020","0.6134","BERKEMBANG","0.5137","0.6392","0.6872","211"
"290","BERKEMBANG","52","5206","NUSA TENGGARA BARAT","KABUPATEN BIMA","191","191","2021","0.6352","BERKEMBANG","0.5402","0.6363","0.7292","191","2020","0.6323","BERKEMBANG","0.5346","0.6409","0.7216","191"
"291","BERKEMBANG","11","1102","ACEH","KABUPATEN ACEH TENGGARA","385","385","2021","0.6349","BERKEMBANG","0.5519","0.6407","0.7120","385","2020","0.6316","BERKEMBANG","0.5506","0.6360","0.7081","385"
"292","BERKEMBANG","11","1104","ACEH","KABUPATEN ACEH TENGAH","295","295","2021","0.6343","BERKEMBANG","0.5413","0.6287","0.7328","295","2020","0.6204","BERKEMBANG","0.5291","0.6090","0.7232","295"
"293","BERKEMBANG","74","7415","SULAWESI TENGGARA","KABUPATEN BUTON SELATAN","60","60","2021","0.6327","BERKEMBANG","0.5247","0.6622","0.7112","60","2020","0.6187","BERKEMBANG","0.5036","0.6556","0.6970","60"
"294","BERKEMBANG","21","2104","KEPULAUAN RIAU","KABUPATEN LINGGA","75","75","2021","0.6322","BERKEMBANG","0.5204","0.6400","0.7363","75","2020","0.6274","BERKEMBANG","0.5078","0.6462","0.7281","75"
"295","BERKEMBANG","64","6411","KALIMANTAN TIMUR","KABUPATEN MAHAKAM ULU","50","50","2021","0.6318","BERKEMBANG","0.5093","0.6453","0.7406","50","2020","0.6181","BERKEMBANG","0.5057","0.6107","0.7381","50"
"296","BERKEMBANG","36","3601","BANTEN","KABUPATEN PANDEGLANG","326","326","2021","0.6314","BERKEMBANG","0.5154","0.6270","0.7520","326","2020","0.6202","BERKEMBANG","0.4992","0.6188","0.7427","326"
"297","BERKEMBANG","76","7604","SULAWESI BARAT","KABUPATEN POLEWALI MANDAR","144","144","2021","0.6308","BERKEMBANG","0.5169","0.6292","0.7463","144","2020","0.6288","BERKEMBANG","0.5131","0.6375","0.7360","144"
"298","BERKEMBANG","14","1410","RIAU","KABUPATEN KEPULAUAN MERANTI","96","96","2021","0.6301","BERKEMBANG","0.5071","0.6229","0.7603","96","2020","0.6130","BERKEMBANG","0.4787","0.6132","0.7470","96"
"299","BERKEMBANG","76","7601","SULAWESI BARAT","KABUPATEN MAMUJU UTARA","59","59","2021","0.6298","BERKEMBANG","0.5141","0.6215","0.7537","59","2020","0.6273","BERKEMBANG","0.5153","0.6192","0.7475","59"
"299","BERKEMBANG","11","1105","ACEH","KABUPATEN ACEH BARAT","322","322","2021","0.6298","BERKEMBANG","0.5187","0.6453","0.7254","322","2020","0.6065","BERKEMBANG","0.4777","0.6320","0.7099","321"
"301","BERKEMBANG","12","1217","SUMATERA UTARA","KABUPATEN SAMOSIR","128","128","2021","0.6296","BERKEMBANG","0.5316","0.6380","0.7192","128","2020","0.6135","BERKEMBANG","0.4984","0.6360","0.7060","128"
"302","BERKEMBANG","17","1707","BENGKULU","KABUPATEN LEBONG","93","93","2021","0.6295","BERKEMBANG","0.5301","0.6602","0.6982","93","2020","0.6190","BERKEMBANG","0.5152","0.6559","0.6859","93"
"303","BERKEMBANG","53","5316","NUSA TENGGARA TIMUR","KABUPATEN NAGEKEO","97","97","2021","0.6294","BERKEMBANG","0.4842","0.7120","0.6920","97","2020","0.6009","BERKEMBANG","0.4493","0.6935","0.6598","97"
"304","BERKEMBANG","81","8104","MALUKU","KABUPATEN BURU","82","82","2021","0.6289","BERKEMBANG","0.4959","0.6610","0.7297","82","2020","0.6168","BERKEMBANG","0.4766","0.6602","0.7137","82"
"305","BERKEMBANG","81","8102","MALUKU","KABUPATEN MALUKU TENGGARA","190","190","2021","0.6284","BERKEMBANG","0.4511","0.7365","0.6975","190","2020","0.6104","BERKEMBANG","0.4284","0.7225","0.6803","190"
"306","BERKEMBANG","12","1223","SUMATERA UTARA","KABUPATEN LABUHANBATU UTARA","82","82","2021","0.6275","BERKEMBANG","0.5378","0.5870","0.7576","82","2020","0.6203","BERKEMBANG","0.5303","0.5870","0.7436","82"
"307","BERKEMBANG","74","7414","SULAWESI TENGGARA","KABUPATEN BUTON TENGAH","67","67","2021","0.6270","BERKEMBANG","0.4890","0.6667","0.7252","67","2020","0.6139","BERKEMBANG","0.4701","0.6607","0.7109","67"
"308","BERKEMBANG","74","7413","SULAWESI TENGGARA","KABUPATEN MUNA BARAT","81","81","2021","0.6269","BERKEMBANG","0.5198","0.6535","0.7076","81","2020","0.6175","BERKEMBANG","0.5084","0.6486","0.6957","81"
"309","BERKEMBANG","17","1709","BENGKULU","KABUPATEN BENGKULU TENGAH","142","142","2021","0.6266","BERKEMBANG","0.4998","0.6686","0.7116","142","2020","0.6160","BERKEMBANG","0.4832","0.6639","0.7010","142"
"310","BERKEMBANG","16","1601","SUMATERA SELATAN","KABUPATEN OGAN KOMERING ULU","143","143","2021","0.6262","BERKEMBANG","0.5176","0.6354","0.7256","143","2020","0.6079","BERKEMBANG","0.4966","0.6177","0.7094","143"
"311","BERKEMBANG","16","1611","SUMATERA SELATAN","KABUPATEN EMPAT LAWANG","147","147","2021","0.6261","BERKEMBANG","0.5460","0.6472","0.6851","147","2020","0.6206","BERKEMBANG","0.5424","0.6417","0.6776","147"
"311","BERKEMBANG","72","7206","SULAWESI TENGAH","KABUPATEN MOROWALI","126","126","2021","0.6261","BERKEMBANG","0.4778","0.6847","0.7160","126","2020","0.6147","BERKEMBANG","0.4657","0.6794","0.6989","126"
"313","BERKEMBANG","76","7606","SULAWESI BARAT","KABUPATEN MAMUJU TENGAH","54","54","2021","0.6260","BERKEMBANG","0.5444","0.5926","0.7411","54","2020","0.6132","BERKEMBANG","0.5253","0.5852","0.7291","54"
"314","BERKEMBANG","12","1212","SUMATERA UTARA","KABUPATEN TOBA SAMOSIR","231","231","2021","0.6258","BERKEMBANG","0.5328","0.6474","0.6974","231","2020","0.6122","BERKEMBANG","0.5128","0.6422","0.6817","231"
"315","BERKEMBANG","74","7409","SULAWESI TENGGARA","KABUPATEN KONAWE UTARA","159","159","2021","0.6254","BERKEMBANG","0.5020","0.6688","0.7056","159","2020","0.5855","TERTINGGAL","0.4519","0.6222","0.6825","159"
"315","BERKEMBANG","72","7207","SULAWESI TENGAH","KABUPATEN BANGGAI KEPULAUAN","141","141","2021","0.6254","BERKEMBANG","0.4741","0.6657","0.7365","141","2020","0.6256","BERKEMBANG","0.4689","0.6686","0.7392","141"
"317","BERKEMBANG","16","1604","SUMATERA SELATAN","KABUPATEN LAHAT","360","360","2021","0.6246","BERKEMBANG","0.5302","0.6482","0.6955","360","2020","0.6144","BERKEMBANG","0.5125","0.6467","0.6840","360"
"318","BERKEMBANG","11","1109","ACEH","KABUPATEN SIMEULUE","138","138","2021","0.6229","BERKEMBANG","0.4379","0.7285","0.7024","138","2020","0.6186","BERKEMBANG","0.4315","0.7251","0.6991","138"
"319","BERKEMBANG","62","6203","KALIMANTAN TENGAH","KABUPATEN KAPUAS","214","214","2021","0.6207","BERKEMBANG","0.4891","0.6573","0.7157","214","2020","0.6000","BERKEMBANG","0.4597","0.6383","0.7020","214"
"320","BERKEMBANG","11","1115","ACEH","KABUPATEN NAGAN RAYA","222","222","2021","0.6203","BERKEMBANG","0.4978","0.6351","0.7279","222","2020","0.6081","BERKEMBANG","0.4791","0.6297","0.7155","222"
"321","BERKEMBANG","73","7317","SULAWESI SELATAN","KABUPATEN LUWU","207","207","2021","0.6201","BERKEMBANG","0.5240","0.6168","0.7196","207","2020","0.5969","TERTINGGAL","0.4990","0.5942","0.6977","207"
"321","BERKEMBANG","73","7301","SULAWESI SELATAN","KABUPATEN KEPULAUAN SELAYAR","81","81","2021","0.6201","BERKEMBANG","0.5140","0.6469","0.6994","81","2020","0.6068","BERKEMBANG","0.5037","0.6329","0.6838","81"
"321","BERKEMBANG","16","1612","SUMATERA SELATAN","KABUPATEN PENUKAL ABAB LEMATAN","65","65","2021","0.6201","BERKEMBANG","0.5679","0.5785","0.7138","65","2020","0.6135","BERKEMBANG","0.5505","0.5846","0.7052","65"
"324","BERKEMBANG","14","1404","RIAU","KABUPATEN INDRAGIRI HILIR","197","197","2021","0.6198","BERKEMBANG","0.5102","0.6261","0.7231","197","2020","0.6079","BERKEMBANG","0.4951","0.6193","0.7094","197"
"325","BERKEMBANG","74","7410","SULAWESI TENGGARA","KABUPATEN BUTON UTARA","78","78","2021","0.6197","BERKEMBANG","0.5248","0.6487","0.6857","78","2020","0.5870","TERTINGGAL","0.4665","0.6205","0.6739","78"
"326","BERKEMBANG","11","1101","ACEH","KABUPATEN ACEH SELATAN","260","260","2021","0.6187","BERKEMBANG","0.5360","0.6113","0.7088","260","2020","0.6138","BERKEMBANG","0.5231","0.6167","0.7018","260"
"327","BERKEMBANG","74","7405","SULAWESI TENGGARA","KABUPATEN KONAWE SELATAN","336","336","2021","0.6186","BERKEMBANG","0.5119","0.6369","0.7070","336","2020","0.6141","BERKEMBANG","0.5047","0.6341","0.7034","336"
"328","BERKEMBANG","16","1609","SUMATERA SELATAN","KABUPATEN OGAN KOMERING ULU SELATAN","252","252","2021","0.6184","BERKEMBANG","0.5085","0.6410","0.7058","252","2020","0.6009","BERKEMBANG","0.4896","0.6214","0.6916","252"
"329","BERKEMBANG","72","7210","SULAWESI TENGAH","KABUPATEN SIGI","176","176","2021","0.6181","BERKEMBANG","0.4592","0.6682","0.7269","176","2020","0.6046","BERKEMBANG","0.4479","0.6538","0.7120","176"
"330","BERKEMBANG","53","5314","NUSA TENGGARA TIMUR","KABUPATEN ROTE NDAO","112","112","2021","0.6175","BERKEMBANG","0.4513","0.7375","0.6635","112","2020","0.6040","BERKEMBANG","0.4171","0.7452","0.6497","112"
"331","BERKEMBANG","53","5304","NUSA TENGGARA TIMUR","KABUPATEN BELU","69","69","2021","0.6173","BERKEMBANG","0.5089","0.5971","0.7458","69","2020","0.5975","TERTINGGAL","0.4761","0.5981","0.7184","69"
"332","BERKEMBANG","36","3602","BANTEN","KABUPATEN LEBAK","340","340","2021","0.6160","BERKEMBANG","0.5324","0.5843","0.7314","340","2020","0.6066","BERKEMBANG","0.5204","0.5733","0.7261","340"
"333","BERKEMBANG","74","7411","SULAWESI TENGGARA","KABUPATEN KOLAKA TIMUR","117","117","2021","0.6147","BERKEMBANG","0.5003","0.6302","0.7136","117","2020","0.5982","TERTINGGAL","0.4812","0.6131","0.7003","117"
"334","BERKEMBANG","62","6206","KALIMANTAN TENGAH","KABUPATEN KATINGAN","154","154","2021","0.6143","BERKEMBANG","0.4561","0.6732","0.7135","154","2020","0.5911","TERTINGGAL","0.4372","0.6442","0.6918","154"
"335","BERKEMBANG","11","1175","ACEH","KOTA SUBULUSSALAM","82","82","2021","0.6139","BERKEMBANG","0.5037","0.5797","0.7585","82","2020","0.6143","BERKEMBANG","0.5033","0.5805","0.7590","82"
"336","BERKEMBANG","82","8202","MALUKU UTARA","KABUPATEN HALMAHERA TENGAH","61","61","2021","0.6129","BERKEMBANG","0.4962","0.6721","0.6703","61","2020","0.6039","BERKEMBANG","0.4863","0.6601","0.6653","61"
"337","BERKEMBANG","74","7408","SULAWESI TENGGARA","KABUPATEN KOLAKA UTARA","127","127","2021","0.6128","BERKEMBANG","0.5101","0.5942","0.7340","127","2020","0.6006","BERKEMBANG","0.4987","0.5732","0.7298","127"
"338","BERKEMBANG","72","7212","SULAWESI TENGAH","KABUPATEN MOROWALI UTARA","122","122","2021","0.6127","BERKEMBANG","0.4701","0.6230","0.7452","122","2020","0.6056","BERKEMBANG","0.4600","0.6186","0.7382","122"
"339","BERKEMBANG","76","7605","SULAWESI BARAT","KABUPATEN MAJENE","62","62","2021","0.6124","BERKEMBANG","0.4954","0.6452","0.6966","62","2020","0.6114","BERKEMBANG","0.4914","0.6581","0.6848","62"
"340","BERKEMBANG","72","7211","SULAWESI TENGAH","KABUPATEN BANGGAI LAUT","63","63","2021","0.6121","BERKEMBANG","0.4399","0.6678","0.7287","63","2020","0.6079","BERKEMBANG","0.4362","0.6656","0.7218","63"
"340","BERKEMBANG","11","1113","ACEH","KABUPATEN GAYO LUES","136","136","2021","0.6121","BERKEMBANG","0.5349","0.5892","0.7123","136","2020","0.6058","BERKEMBANG","0.5279","0.5902","0.6994","136"
"342","BERKEMBANG","62","6210","KALIMANTAN TENGAH","KABUPATEN GUNUNG MAS","114","114","2021","0.6113","BERKEMBANG","0.4795","0.6427","0.7117","114","2020","0.6117","BERKEMBANG","0.4696","0.6532","0.7124","114"
"343","BERKEMBANG","11","1118","ACEH","KABUPATEN PIDIE JAYA","222","222","2021","0.6112","BERKEMBANG","0.5045","0.6448","0.6843","222","2020","0.6058","BERKEMBANG","0.4965","0.6430","0.6779","222"
"344","BERKEMBANG","72","7209","SULAWESI TENGAH","KABUPATEN TOJO UNA UNA","134","134","2021","0.6102","BERKEMBANG","0.4659","0.6523","0.7124","134","2020","0.6064","BERKEMBANG","0.4628","0.6473","0.7092","134"
"344","BERKEMBANG","74","7402","SULAWESI TENGGARA","KABUPATEN KONAWE","294","291","2021","0.6102","BERKEMBANG","0.4888","0.6376","0.7044","291","2020","0.5979","TERTINGGAL","0.4725","0.6250","0.6962","291"
"346","BERKEMBANG","53","5319","NUSA TENGGARA TIMUR","KABUPATEN MANGGARAI TIMUR","159","159","2021","0.6072","BERKEMBANG","0.4589","0.6679","0.6948","159","2020","0.5982","TERTINGGAL","0.4478","0.6650","0.6817","159"
"347","BERKEMBANG","12","1216","SUMATERA UTARA","KABUPATEN HUMBANG HASUNDUTAN","153","153","2021","0.6052","BERKEMBANG","0.4974","0.6458","0.6724","153","2020","0.5989","TERTINGGAL","0.4839","0.6484","0.6644","153"
"348","BERKEMBANG","81","8105","MALUKU","KABUPATEN SERAM BAGIAN TIMUR","198","198","2021","0.6032","BERKEMBANG","0.4179","0.7367","0.6550","198","2020","0.5665","TERTINGGAL","0.3913","0.6876","0.6208","198"
"349","BERKEMBANG","53","5313","NUSA TENGGARA TIMUR","KABUPATEN LEMBATA","144","144","2021","0.6027","BERKEMBANG","0.4336","0.6708","0.7037","144","2020","0.5960","TERTINGGAL","0.4203","0.6732","0.6947","144"
"350","BERKEMBANG","73","7318","SULAWESI SELATAN","KABUPATEN TANA TORAJA","112","112","2021","0.6022","BERKEMBANG","0.4890","0.6125","0.7052","112","2020","0.5766","TERTINGGAL","0.4562","0.5881","0.6854","112"
"351","BERKEMBANG","11","1110","ACEH","KABUPATEN ACEH SINGKIL","116","116","2021","0.6015","BERKEMBANG","0.4674","0.6103","0.7269","116","2020","0.5988","TERTINGGAL","0.4649","0.6086","0.7228","116"
"352","BERKEMBANG","11","1107","ACEH","KABUPATEN PIDIE","730","730","2021","0.5995","BERKEMBANG","0.4948","0.6343","0.6692","730","2020","0.5977","TERTINGGAL","0.4918","0.6344","0.6669","730"
"353","TERTINGGAL","12","1211","SUMATERA UTARA","KABUPATEN DAIRI","161","161","2021","0.5983","TERTINGGAL","0.5058","0.6278","0.6614","161","2020","0.5888","TERTINGGAL","0.4918","0.6261","0.6486","161"
"354","TERTINGGAL","74","7403","SULAWESI TENGGARA","KABUPATEN MUNA","124","124","2021","0.5971","TERTINGGAL","0.4699","0.6446","0.6768","124","2020","0.5900","TERTINGGAL","0.4679","0.6366","0.6656","124"
"355","TERTINGGAL","53","5307","NUSA TENGGARA TIMUR","KABUPATEN SIKKA","147","147","2021","0.5969","TERTINGGAL","0.4679","0.6345","0.6883","147","2020","0.5795","TERTINGGAL","0.4503","0.6168","0.6713","147"
"356","TERTINGGAL","91","9119","PAPUA","KABUPATEN SUPIORI","38","38","2021","0.5958","TERTINGGAL","0.4114","0.6895","0.6865","38","2020","0.5755","TERTINGGAL","0.4026","0.6842","0.6397","38"
"357","TERTINGGAL","81","8108","MALUKU","KABUPATEN MALUKU BARAT DAYA","117","117","2021","0.5956","TERTINGGAL","0.3786","0.7436","0.6647","117","2020","0.5923","TERTINGGAL","0.3786","0.7345","0.6636","117"
"358","TERTINGGAL","12","1202","SUMATERA UTARA","KABUPATEN TAPANULI UTARA","241","241","2021","0.5904","TERTINGGAL","0.4954","0.6263","0.6496","241","2020","0.5818","TERTINGGAL","0.4792","0.6199","0.6463","241"
"358","TERTINGGAL","82","8203","MALUKU UTARA","KABUPATEN HALMAHERA UTARA","196","196","2021","0.5904","TERTINGGAL","0.4268","0.6888","0.6558","196","2020","0.5898","TERTINGGAL","0.4264","0.6898","0.6532","196"
"360","TERTINGGAL","53","5312","NUSA TENGGARA TIMUR","KABUPATEN SUMBA BARAT","63","63","2021","0.5901","TERTINGGAL","0.4259","0.6445","0.7000","63","2020","0.5782","TERTINGGAL","0.4061","0.6328","0.6956","63"
"361","TERTINGGAL","82","8205","MALUKU UTARA","KABUPATEN KEPULAUAN SULA","78","78","2021","0.5897","TERTINGGAL","0.4182","0.6684","0.6825","78","2020","0.5876","TERTINGGAL","0.4160","0.6667","0.6801","78"
"362","TERTINGGAL","65","6503","KALIMANTAN UTARA","KABUPATEN NUNUKAN","232","232","2021","0.5889","TERTINGGAL","0.4451","0.6428","0.6787","232","2020","0.5771","TERTINGGAL","0.4310","0.6388","0.6616","232"
"363","TERTINGGAL","53","5311","NUSA TENGGARA TIMUR","KABUPATEN SUMBA TIMUR","140","140","2021","0.5877","TERTINGGAL","0.4333","0.6319","0.6980","140","2020","0.5817","TERTINGGAL","0.4248","0.6467","0.6736","140"
"364","TERTINGGAL","53","5310","NUSA TENGGARA TIMUR","KABUPATEN MANGGARAI","145","145","2021","0.5868","TERTINGGAL","0.4755","0.6354","0.6495","145","2020","0.5757","TERTINGGAL","0.4652","0.6290","0.6329","145"
"365","TERTINGGAL","74","7412","SULAWESI TENGGARA","KABUPATEN KONAWE KEPULAUAN","89","89","2021","0.5853","TERTINGGAL","0.4571","0.6337","0.6650","89","2020","0.5654","TERTINGGAL","0.4253","0.6262","0.6447","89"
"366","TERTINGGAL","12","1278","SUMATERA UTARA","KOTA GUNUNGSITOLI","98","98","2021","0.5852","TERTINGGAL","0.4600","0.6680","0.6274","98","2020","0.5740","TERTINGGAL","0.4379","0.6680","0.6161","98"
"367","TERTINGGAL","53","5317","NUSA TENGGARA TIMUR","KABUPATEN SUMBA TENGAH","65","65","2021","0.5820","TERTINGGAL","0.4292","0.6349","0.6820","65","2020","0.5789","TERTINGGAL","0.4308","0.6554","0.6505","65"
"368","TERTINGGAL","11","1111","ACEH","KABUPATEN BIREUEN","609","609","2021","0.5813","TERTINGGAL","0.4669","0.6128","0.6643","609","2020","0.5774","TERTINGGAL","0.4622","0.6095","0.6605","609"
"369","TERTINGGAL","12","1221","SUMATERA UTARA","KABUPATEN PADANG LAWAS","303","303","2021","0.5807","TERTINGGAL","0.4689","0.6383","0.6348","303","2020","0.5792","TERTINGGAL","0.4679","0.6416","0.6283","303"
"370","TERTINGGAL","12","1213","SUMATERA UTARA","KABUPATEN MANDAILING NATAL","377","377","2021","0.5795","TERTINGGAL","0.4773","0.6255","0.6358","377","2020","0.5693","TERTINGGAL","0.4696","0.6103","0.6280","377"
"371","TERTINGGAL","53","5301","NUSA TENGGARA TIMUR","KABUPATEN KUPANG","160","160","2021","0.5748","TERTINGGAL","0.4450","0.6017","0.6779","160","2020","0.5692","TERTINGGAL","0.4329","0.6000","0.6746","160"
"372","TERTINGGAL","12","1201","SUMATERA UTARA","KABUPATEN TAPANULI TENGAH","159","159","2021","0.5736","TERTINGGAL","0.4613","0.6197","0.6398","159","2020","0.5653","TERTINGGAL","0.4457","0.6172","0.6331","159"
"373","TERTINGGAL","73","7326","SULAWESI SELATAN","KABUPATEN TORAJA UTARA","111","111","2021","0.5726","TERTINGGAL","0.4610","0.5958","0.6610","111","2020","0.5671","TERTINGGAL","0.4572","0.5898","0.6543","111"
"374","TERTINGGAL","91","9103","PAPUA","KABUPATEN JAYAPURA","139","139","2021","0.5722","TERTINGGAL","0.4579","0.5990","0.6595","139","2020","0.5694","TERTINGGAL","0.4354","0.6042","0.6686","16"
"375","TERTINGGAL","53","5303","NUSA TENGGARA TIMUR","KABUPATEN TIMOR TENGAH UTARA","160","160","2021","0.5708","TERTINGGAL","0.4092","0.6208","0.6825","160","2020","0.5705","TERTINGGAL","0.4023","0.6334","0.6759","160"
"376","TERTINGGAL","53","5308","NUSA TENGGARA TIMUR","KABUPATEN ENDE","255","255","2021","0.5704","TERTINGGAL","0.4269","0.6303","0.6540","255","2020","0.5677","TERTINGGAL","0.4199","0.6364","0.6469","255"
"377","TERTINGGAL","81","8109","MALUKU","KABUPATEN BURU SELATAN","79","79","2021","0.5701","TERTINGGAL","0.3620","0.6886","0.6597","79","2020","0.5509","TERTINGGAL","0.3608","0.6498","0.6422","79"
"378","TERTINGGAL","53","5320","NUSA TENGGARA TIMUR","KABUPATEN SABU RAIJUA","58","58","2021","0.5700","TERTINGGAL","0.4043","0.6448","0.6609","58","2020","0.5521","TERTINGGAL","0.3808","0.6380","0.6376","58"
"379","TERTINGGAL","53","5318","NUSA TENGGARA TIMUR","KABUPATEN SUMBA BARAT DAYA","173","173","2021","0.5696","TERTINGGAL","0.4114","0.6478","0.6498","173","2020","0.5653","TERTINGGAL","0.4058","0.6474","0.6427","173"
"380","TERTINGGAL","82","8206","MALUKU UTARA","KABUPATEN HALMAHERA TIMUR","102","102","2021","0.5692","TERTINGGAL","0.4245","0.6288","0.6544","102","2020","0.5653","TERTINGGAL","0.4127","0.6392","0.6439","102"
"381","TERTINGGAL","53","5315","NUSA TENGGARA TIMUR","KABUPATEN MANGGARAI BARAT","164","164","2021","0.5686","TERTINGGAL","0.4249","0.6301","0.6508","164","2020","0.5574","TERTINGGAL","0.4144","0.6216","0.6362","164"
"382","TERTINGGAL","82","8208","MALUKU UTARA","KABUPATEN PULAU TALIABU","71","71","2021","0.5682","TERTINGGAL","0.4167","0.6225","0.6653","71","2020","0.5649","TERTINGGAL","0.4103","0.6244","0.6600","71"
"383","TERTINGGAL","82","8201","MALUKU UTARA","KABUPATEN HALMAHERA BARAT","169","169","2021","0.5676","TERTINGGAL","0.4297","0.6280","0.6452","169","2020","0.5584","TERTINGGAL","0.4145","0.6229","0.6377","169"
"384","TERTINGGAL","11","1108","ACEH","KABUPATEN ACEH UTARA","852","852","2021","0.5664","TERTINGGAL","0.4615","0.5934","0.6444","852","2020","0.5603","TERTINGGAL","0.4545","0.5883","0.6382","852"
"385","TERTINGGAL","91","9128","PAPUA","KABUPATEN DEIYAI","67","67","2021","0.5647","TERTINGGAL","0.3910","0.6667","0.6363","67",null
"385","TERTINGGAL","82","8204","MALUKU UTARA","KABUPATEN HALMAHERA SELATAN","249","249","2021","0.5647","TERTINGGAL","0.4015","0.6576","0.6349","249","2020","0.5618","TERTINGGAL","0.3990","0.6554","0.6309","249"
"387","TERTINGGAL","53","5321","NUSA TENGGARA TIMUR","KABUPATEN MALAKA","127","127","2021","0.5610","TERTINGGAL","0.4013","0.6179","0.6639","127","2020","0.5573","TERTINGGAL","0.3955","0.6231","0.6533","127"
"388","TERTINGGAL","91","9105","PAPUA","KABUPATEN KEPULAUAN YAPEN","160","160","2021","0.5597","TERTINGGAL","0.3292","0.7250","0.6249","160",null
"389","TERTINGGAL","92","9205","PAPUA BARAT","KABUPATEN RAJA AMPAT","117","80","2021","0.5574","TERTINGGAL","0.3227","0.6684","0.6811","80","2020","0.5423","TERTINGGAL","0.3005","0.6717","0.6548","93"
"390","TERTINGGAL","12","1220","SUMATERA UTARA","KABUPATEN PADANG LAWAS UTARA","386","385","2021","0.5571","TERTINGGAL","0.4192","0.6357","0.6163","385","2020","0.5498","TERTINGGAL","0.4127","0.6380","0.5986","386"
"391","TERTINGGAL","53","5305","NUSA TENGGARA TIMUR","KABUPATEN ALOR","158","158","2021","0.5560","TERTINGGAL","0.4122","0.5916","0.6641","158","2020","0.5626","TERTINGGAL","0.4075","0.6249","0.6553","158"
"392","TERTINGGAL","81","8107","MALUKU","KABUPATEN KEPULAUAN ARU","117","117","2021","0.5556","TERTINGGAL","0.3141","0.6946","0.6582","117","2020","0.5493","TERTINGGAL","0.3087","0.6918","0.6474","117"
"393","TERTINGGAL","62","6212","KALIMANTAN TENGAH","KABUPATEN MURUNG RAYA","116","116","2021","0.5550","TERTINGGAL","0.3826","0.6086","0.6737","116","2020","0.5460","TERTINGGAL","0.3770","0.5931","0.6679","116"
"394","TERTINGGAL","92","9207","PAPUA BARAT","KABUPATEN TELUK WONDAMA","75","23","2021","0.5538","TERTINGGAL","0.4174","0.6058","0.6383","23","2020","0.5206","TERTINGGAL","0.3517","0.6199","0.5901","67"
"395","TERTINGGAL","53","5302","NUSA TENGGARA TIMUR","KABUPATEN TIMOR TENGAH SELATAN","266","266","2021","0.5501","TERTINGGAL","0.3845","0.6158","0.6500","266","2020","0.5474","TERTINGGAL","0.3747","0.6256","0.6419","266"
"396","TERTINGGAL","76","7603","SULAWESI BARAT","KABUPATEN MAMASA","168","168","2021","0.5460","TERTINGGAL","0.3862","0.5845","0.6673","168","2020","0.5225","TERTINGGAL","0.3590","0.5683","0.6401","168"
"397","TERTINGGAL","91","9106","PAPUA","KABUPATEN BIAK NUMFOR","254","254","2021","0.5434","TERTINGGAL","0.3566","0.6751","0.5987","254","2020","0.5427","TERTINGGAL","0.3678","0.6704","0.5898","127"
"398","TERTINGGAL","92","9203","PAPUA BARAT","KABUPATEN FAK FAK","142","142","2021","0.5429","TERTINGGAL","0.3790","0.6442","0.6056","142","2020","0.5416","TERTINGGAL","0.3819","0.6423","0.6005","142"
"399","TERTINGGAL","91","9111","PAPUA","KABUPATEN KEEROM","91","91","2021","0.5413","TERTINGGAL","0.3919","0.6015","0.6305","91","2020","0.6209","BERKEMBANG","0.4903","0.6334","0.7390","12"
"400","TERTINGGAL","91","9101","PAPUA","KABUPATEN MERAUKE","179","179","2021","0.5383","TERTINGGAL","0.3590","0.6361","0.6197","179","2020","0.5829","TERTINGGAL","0.4390","0.6350","0.6746","59"
"401","TERTINGGAL","92","9208","PAPUA BARAT","KABUPATEN KAIMANA","84","84","2021","0.5380","TERTINGGAL","0.2883","0.7405","0.5852","84","2020","0.5379","TERTINGGAL","0.2879","0.7405","0.5854","84"
"402","TERTINGGAL","92","9202","PAPUA BARAT","KABUPATEN MANOKWARI","164","164","2021","0.5322","TERTINGGAL","0.3438","0.6960","0.5570","164","2020","0.5308","TERTINGGAL","0.3388","0.6996","0.5540","164"
"403","TERTINGGAL","92","9206","PAPUA BARAT","KABUPATEN TELUK BINTUNI","115","95","2021","0.5177","TERTINGGAL","0.3135","0.6498","0.5897","95","2020","0.5158","TERTINGGAL","0.3057","0.6489","0.5926","90"
"404","TERTINGGAL","91","9104","PAPUA","KABUPATEN NABIRE","72","72","2021","0.5159","TERTINGGAL","0.3711","0.5917","0.5850","72",null
"405","TERTINGGAL","12","1224","SUMATERA UTARA","KABUPATEN NIAS UTARA","112","112","2021","0.5152","TERTINGGAL","0.3619","0.5917","0.5921","112","2020","0.5130","TERTINGGAL","0.3521","0.5994","0.5876","112"
"406","TERTINGGAL","12","1204","SUMATERA UTARA","KABUPATEN NIAS","170","170","2021","0.5134","TERTINGGAL","0.3427","0.6141","0.5834","170","2020","0.5100","TERTINGGAL","0.3348","0.6161","0.5791","170"
"407","TERTINGGAL","91","9115","PAPUA","KABUPATEN WAROPEN","100","100","2021","0.5067","TERTINGGAL","0.3103","0.6207","0.5890","100",null
"408","TERTINGGAL","92","9210","PAPUA BARAT","KABUPATEN MAYBRAT","259","259","2021","0.5033","TERTINGGAL","0.3240","0.6476","0.5384","259","2020","0.4984","TERTINGGAL","0.3250","0.6487","0.5217","259"
"409","TERTINGGAL","91","9120","PAPUA","KABUPATEN MAMBERAMO RAYA","60","60","2021","0.5021","TERTINGGAL","0.2858","0.6267","0.5939","60","2020","0.5035","TERTINGGAL","0.2911","0.6278","0.5917","60"
"410","TERTINGGAL","92","9211","PAPUA BARAT","KABUPATEN MANOKWARI SELATAN","57","57","2021","0.4969","TERTINGGAL","0.3336","0.6316","0.5255","57","2020","0.4971","TERTINGGAL","0.3336","0.6316","0.5260","57"
"411","TERTINGGAL","92","9204","PAPUA BARAT","KABUPATEN SORONG SELATAN","121","94","2021","0.4962","TERTINGGAL","0.3321","0.5766","0.5799","94","2020","0.4887","SANGAT TERTINGGAL","0.3165","0.5787","0.5710","119"
"412","TERTINGGAL","91","9110","PAPUA","KABUPATEN SARMI","92","80","2021","0.4952","TERTINGGAL","0.3217","0.6284","0.5357","80",null
"413","TERTINGGAL","92","9201","PAPUA BARAT","KABUPATEN SORONG","226","226","2021","0.4949","TERTINGGAL","0.2977","0.6443","0.5428","226","2020","0.4826","SANGAT TERTINGGAL","0.2915","0.6345","0.5218","226"
"414","TERTINGGAL","91","9109","PAPUA","KABUPATEN MIMIKA","133","133","2021","0.4942","TERTINGGAL","0.3035","0.6065","0.5725","133","2020","0.4990","TERTINGGAL","0.3030","0.6075","0.5865","133"
"415","SANGAT TERTINGGAL","12","1214","SUMATERA UTARA","KABUPATEN NIAS SELATAN","459","459","2021","0.4821","SANGAT TERTINGGAL","0.3151","0.6004","0.5307","459","2020","0.5040","TERTINGGAL","0.3343","0.6276","0.5501","459"
"416","SANGAT TERTINGGAL","91","9116","PAPUA","KABUPATEN BOVEN DIGOEL","112","57","2021","0.4756","SANGAT TERTINGGAL","0.2585","0.6468","0.5216","57",null
"417","SANGAT TERTINGGAL","92","9212","PAPUA BARAT","KABUPATEN PEGUNUNGAN ARFAK","166","166","2021","0.4739","SANGAT TERTINGGAL","0.2825","0.6546","0.4846","166","2020","0.4575","SANGAT TERTINGGAL","0.2648","0.6546","0.4530","166"
"418","SANGAT TERTINGGAL","12","1225","SUMATERA UTARA","KABUPATEN NIAS BARAT","105","105","2021","0.4683","SANGAT TERTINGGAL","0.3273","0.5117","0.5659","105","2020","0.4660","SANGAT TERTINGGAL","0.3151","0.5251","0.5578","105"
"419","SANGAT TERTINGGAL","92","9209","PAPUA BARAT","KABUPATEN TAMBRAUW","216","215","2021","0.4637","SANGAT TERTINGGAL","0.2842","0.6140","0.4930","215","2020","0.4480","SANGAT TERTINGGAL","0.2788","0.5916","0.4737","215"
"420","SANGAT TERTINGGAL","91","9117","PAPUA","KABUPATEN MAPPI","162","162","2021","0.4607","SANGAT TERTINGGAL","0.2464","0.6132","0.5226","162",null
"421","SANGAT TERTINGGAL","91","9126","PAPUA","KABUPATEN DOGIYAI","79","79","2021","0.4566","SANGAT TERTINGGAL","0.3380","0.5266","0.5052","79",null
"422","SANGAT TERTINGGAL","91","9118","PAPUA","KABUPATEN ASMAT","221","221","2021","0.4479","SANGAT TERTINGGAL","0.2372","0.6048","0.5016","221",null
"423","SANGAT TERTINGGAL","91","9112","PAPUA","KABUPATEN PEGUNUNGAN BINTANG","277","277","2021","0.4457","SANGAT TERTINGGAL","0.2902","0.5555","0.4916","277",null
"424","SANGAT TERTINGGAL","91","9123","PAPUA","KABUPATEN LANNY JAYA","354","354","2021","0.4451","SANGAT TERTINGGAL","0.2958","0.6426","0.3970","354",null
"425","SANGAT TERTINGGAL","91","9122","PAPUA","KABUPATEN YALIMO","300","239","2021","0.4370","SANGAT TERTINGGAL","0.2369","0.6441","0.4299","239",null
"426","SANGAT TERTINGGAL","91","9114","PAPUA","KABUPATEN TOLIKARA","541","73","2021","0.4355","SANGAT TERTINGGAL","0.2769","0.5781","0.4516","73",null
"427","SANGAT TERTINGGAL","91","9125","PAPUA","KABUPATEN PUNCAK","206","206","2021","0.4348","SANGAT TERTINGGAL","0.2428","0.5965","0.4652","206",null
"428","SANGAT TERTINGGAL","91","9108","PAPUA","KABUPATEN PANIAI","216","216","2021","0.4328","SANGAT TERTINGGAL","0.2696","0.5568","0.4719","216",null
"429","SANGAT TERTINGGAL","91","9121","PAPUA","KABUPATEN MAMBERAMO TENGAH","59","59","2021","0.4317","SANGAT TERTINGGAL","0.2816","0.5808","0.4327","59",null
"430","SANGAT TERTINGGAL","91","9102","PAPUA","KABUPATEN JAYAWIJAYA","328","281","2021","0.4300","SANGAT TERTINGGAL","0.2754","0.5457","0.4689","281",null
"431","SANGAT TERTINGGAL","91","9127","PAPUA","KABUPATEN INTAN JAYA","97","97","2021","0.4219","SANGAT TERTINGGAL","0.2596","0.5560","0.4500","97",null
"432","SANGAT TERTINGGAL","91","9113","PAPUA","KABUPATEN YAHUKIMO","510","507","2021","0.4171","SANGAT TERTINGGAL","0.2384","0.5508","0.4622","507",null
"433","SANGAT TERTINGGAL","91","9124","PAPUA","KABUPATEN NDUGA","248","11","2021","0.3739","SANGAT TERTINGGAL","0.1985","0.5272","0.3958","11",null